ID_URBS,NUMERO_LINHA,DESC_LINHA,URL_URBS,URL_GAZETA,URL_MOOVIT
528,464,A. MUNHOZ / J. BOTÂNICO,https://www.urbs.curitiba.pr.gov.br/horario-de-onibus/464,https://especiais.gazetadopovo.com.br/horarios-de-onibus/curitiba/alcides-munhoz-jardim-botanico-464/,https://moovitapp.com/curitiba-942/lines/464_alcides_munhoz_jardim_bot%C3%A2nico/4394752/3778230/pt-br
34,226,ABAETÉ,https://www.urbs.curitiba.pr.gov.br/horario-de-onibus/226,https://especiais.gazetadopovo.com.br/horarios-de-onibus/curitiba/abaete-226/,
89,182,ABRANCHES,https://www.urbs.curitiba.pr.gov.br/horario-de-onibus/182,https://especiais.gazetadopovo.com.br/horarios-de-onibus/curitiba/abranches-182/,
305,332,ACRÓPOLE,https://www.urbs.curitiba.pr.gov.br/horario-de-onibus/332,https://especiais.gazetadopovo.com.br/horarios-de-onibus/curitiba/acropole-332/,
383,334,AGRÍCOLA,https://www.urbs.curitiba.pr.gov.br/horario-de-onibus/334,https://especiais.gazetadopovo.com.br/horarios-de-onibus/curitiba/agricola-334/,
106,180,ÁGUA VERDE/ ABRANCHES,https://www.urbs.curitiba.pr.gov.br/horario-de-onibus/180,https://especiais.gazetadopovo.com.br/horarios-de-onibus/curitiba/agua-verde-abranches-180/,
214,265,AHÚ / LOS ANGELES,https://www.urbs.curitiba.pr.gov.br/horario-de-onibus/265,https://especiais.gazetadopovo.com.br/horarios-de-onibus/curitiba/ahu-los-angeles-265/,
63,560,ALFERES POLI,https://www.urbs.curitiba.pr.gov.br/horario-de-onibus/560,https://especiais.gazetadopovo.com.br/horarios-de-onibus/curitiba/alferes-poli-560/,
346,232,ALIANÇA,https://www.urbs.curitiba.pr.gov.br/horario-de-onibus/232,https://especiais.gazetadopovo.com.br/horarios-de-onibus/curitiba/alianca-232/,
143,629,ALTO BOQUEIRÃO,https://www.urbs.curitiba.pr.gov.br/horario-de-onibus/629,https://especiais.gazetadopovo.com.br/horarios-de-onibus/curitiba/alto-boqueirao-629/,
348,373,ALTO TARUMÃ,https://www.urbs.curitiba.pr.gov.br/horario-de-onibus/373,https://especiais.gazetadopovo.com.br/horarios-de-onibus/curitiba/alto-taruma-373/,
2039,245,ANITA GARIBALDI,https://www.urbs.curitiba.pr.gov.br/horario-de-onibus/245,https://especiais.gazetadopovo.com.br/horarios-de-onibus/curitiba/anita-garibaldi-245/,
2139,245,ANITA GARIBALDI,https://www.urbs.curitiba.pr.gov.br/horario-de-onibus/245,https://especiais.gazetadopovo.com.br/horarios-de-onibus/curitiba/anita-garibaldi-245/,
1310,245,ANITA GARIBALDI,https://www.urbs.curitiba.pr.gov.br/horario-de-onibus/245,https://especiais.gazetadopovo.com.br/horarios-de-onibus/curitiba/anita-garibaldi-245/,
224,311,ARAGUAIA,https://www.urbs.curitiba.pr.gov.br/horario-de-onibus/311,https://especiais.gazetadopovo.com.br/horarios-de-onibus/curitiba/araguaia-311/,
40,823,AUGUSTA,https://www.urbs.curitiba.pr.gov.br/horario-de-onibus/823,https://especiais.gazetadopovo.com.br/horarios-de-onibus/curitiba/augusta-823/,
1710,820,AUGUSTA/V. MARQUETO,https://www.urbs.curitiba.pr.gov.br/horario-de-onibus/820,https://especiais.gazetadopovo.com.br/horarios-de-onibus/curitiba/augusta-vila-marqueto-820/,
2134,820,AUGUSTA/V. MARQUETO,https://www.urbs.curitiba.pr.gov.br/horario-de-onibus/820,https://especiais.gazetadopovo.com.br/horarios-de-onibus/curitiba/augusta-vila-marqueto-820/,
2034,820,AUGUSTA/V. MARQUETO,https://www.urbs.curitiba.pr.gov.br/horario-de-onibus/820,https://especiais.gazetadopovo.com.br/horarios-de-onibus/curitiba/augusta-vila-marqueto-820/,
389,361,AUGUSTO STRESSER,https://www.urbs.curitiba.pr.gov.br/horario-de-onibus/361,https://especiais.gazetadopovo.com.br/horarios-de-onibus/curitiba/augusto-stresser-361/,
202,342,B. ALTO / BOA VISTA,https://www.urbs.curitiba.pr.gov.br/horario-de-onibus/342,https://especiais.gazetadopovo.com.br/horarios-de-onibus/curitiba/bairro-alto-boa-vista-342/,
329,341,B. ALTO / STA. CÂNDIDA,https://www.urbs.curitiba.pr.gov.br/horario-de-onibus/341,https://especiais.gazetadopovo.com.br/horarios-de-onibus/curitiba/bairro-alto-santa-candida-341/,
198,307,B. ALTO / STA. FELICIDADE,https://www.urbs.curitiba.pr.gov.br/horario-de-onibus/307,https://especiais.gazetadopovo.com.br/horarios-de-onibus/curitiba/bairro-alto-santa-felicidade-307/,
84,506,BAIRRO NOVO,https://www.urbs.curitiba.pr.gov.br/horario-de-onibus/506,https://especiais.gazetadopovo.com.br/horarios-de-onibus/curitiba/bairro-novo-506/,
179,541,BAIRRO NOVO A,https://www.urbs.curitiba.pr.gov.br/horario-de-onibus/541,https://especiais.gazetadopovo.com.br/horarios-de-onibus/curitiba/bairro-novo-a-541/,
180,542,BAIRRO NOVO B,https://www.urbs.curitiba.pr.gov.br/horario-de-onibus/542,https://especiais.gazetadopovo.com.br/horarios-de-onibus/curitiba/bairro-novo-b-542/,
1730,524,BAIRRO NOVO B/C,https://www.urbs.curitiba.pr.gov.br/horario-de-onibus/524,https://especiais.gazetadopovo.com.br/horarios-de-onibus/curitiba/bairro-novo-b-c-524/,
2053,524,BAIRRO NOVO B/C,https://www.urbs.curitiba.pr.gov.br/horario-de-onibus/524,https://especiais.gazetadopovo.com.br/horarios-de-onibus/curitiba/bairro-novo-b-c-524/,
2153,524,BAIRRO NOVO B/C,https://www.urbs.curitiba.pr.gov.br/horario-de-onibus/524,https://especiais.gazetadopovo.com.br/horarios-de-onibus/curitiba/bairro-novo-b-c-524/,
181,547,BAIRRO NOVO C,https://www.urbs.curitiba.pr.gov.br/horario-de-onibus/547,https://especiais.gazetadopovo.com.br/horarios-de-onibus/curitiba/bairro-novo-c-547/,
258,231,BANESTADO / CALIFÓRNIA,https://www.urbs.curitiba.pr.gov.br/horario-de-onibus/231,https://especiais.gazetadopovo.com.br/horarios-de-onibus/curitiba/banestado-california-231/,
56,205,BARREIRINHA,https://www.urbs.curitiba.pr.gov.br/horario-de-onibus/205,https://especiais.gazetadopovo.com.br/horarios-de-onibus/curitiba/barreirinha-205/,
2143,256,BARREIRINHA/GUADALUPE,https://www.urbs.curitiba.pr.gov.br/horario-de-onibus/256,https://especiais.gazetadopovo.com.br/horarios-de-onibus/curitiba/barreirinha-guadalupe-256/,
2043,256,BARREIRINHA/GUADALUPE,https://www.urbs.curitiba.pr.gov.br/horario-de-onibus/256,https://especiais.gazetadopovo.com.br/horarios-de-onibus/curitiba/barreirinha-guadalupe-256/,
1210,256,BARREIRINHA/GUADALUPE,https://www.urbs.curitiba.pr.gov.br/horario-de-onibus/256,https://especiais.gazetadopovo.com.br/horarios-de-onibus/curitiba/barreirinha-guadalupe-256/,
310,875,BIGORRILHO,https://www.urbs.curitiba.pr.gov.br/horario-de-onibus/875,https://especiais.gazetadopovo.com.br/horarios-de-onibus/curitiba/bigorrilho-875/,
32,225,BOA VISTA / BARREIRINHA,https://www.urbs.curitiba.pr.gov.br/horario-de-onibus/225,https://especiais.gazetadopovo.com.br/horarios-de-onibus/curitiba/boa-vista-barreirinha-225/,
789,201,BOM RETIRO / CABRAL,https://www.urbs.curitiba.pr.gov.br/horario-de-onibus/201,https://especiais.gazetadopovo.com.br/horarios-de-onibus/curitiba/bom-retiro-cabral-201/,
55,175,BOM RETIRO / PUC,https://www.urbs.curitiba.pr.gov.br/horario-de-onibus/175,https://especiais.gazetadopovo.com.br/horarios-de-onibus/curitiba/bom-retiro-puc-175/,
203,503,BOQUEIRÃO,https://www.urbs.curitiba.pr.gov.br/horario-de-onibus/503,https://especiais.gazetadopovo.com.br/horarios-de-onibus/curitiba/boqueirao-503/,
255,505,BOQUEIRÃO / C. CÍVICO,https://www.urbs.curitiba.pr.gov.br/horario-de-onibus/505,https://especiais.gazetadopovo.com.br/horarios-de-onibus/curitiba/boqueirao-centro-civico-505/,
775,540,BOQUEIRAO / MONDELEZ,https://www.urbs.curitiba.pr.gov.br/horario-de-onibus/540,https://especiais.gazetadopovo.com.br/horarios-de-onibus/curitiba/boqueirao-mondelez-540/,
2147,528,BOQUEIRÃO/PINHEIRINHO,https://www.urbs.curitiba.pr.gov.br/horario-de-onibus/528,https://especiais.gazetadopovo.com.br/horarios-de-onibus/curitiba/boqueirao-pinheirinho-528/,
1830,528,BOQUEIRÃO/PINHEIRINHO,https://www.urbs.curitiba.pr.gov.br/horario-de-onibus/528,https://especiais.gazetadopovo.com.br/horarios-de-onibus/curitiba/boqueirao-pinheirinho-528/,
2047,528,BOQUEIRÃO/PINHEIRINHO,https://www.urbs.curitiba.pr.gov.br/horario-de-onibus/528,https://especiais.gazetadopovo.com.br/horarios-de-onibus/curitiba/boqueirao-pinheirinho-528/,
147,627,BOSCH,https://www.urbs.curitiba.pr.gov.br/horario-de-onibus/627,https://especiais.gazetadopovo.com.br/horarios-de-onibus/curitiba/bosch-627/,
271,170,BRACATINGA,https://www.urbs.curitiba.pr.gov.br/horario-de-onibus/170,https://especiais.gazetadopovo.com.br/horarios-de-onibus/curitiba/bracatinga-170/,
288,913,BUTIATUVINHA,https://www.urbs.curitiba.pr.gov.br/horario-de-onibus/913,https://especiais.gazetadopovo.com.br/horarios-de-onibus/curitiba/butiatuvinha-913/,
2052,948,BUTIATUVINHA/ OURO VERDE,https://www.urbs.curitiba.pr.gov.br/horario-de-onibus/948,https://especiais.gazetadopovo.com.br/horarios-de-onibus/curitiba/butiatuvinha-ouro-verde-948/,
2152,948,BUTIATUVINHA/ OURO VERDE,https://www.urbs.curitiba.pr.gov.br/horario-de-onibus/948,https://especiais.gazetadopovo.com.br/horarios-de-onibus/curitiba/butiatuvinha-ouro-verde-948/,
1671,948,BUTIATUVINHA/ OURO VERDE,https://www.urbs.curitiba.pr.gov.br/horario-de-onibus/948,https://especiais.gazetadopovo.com.br/horarios-de-onibus/curitiba/butiatuvinha-ouro-verde-948/,
778,516,C. BELEM / S. FILHO,https://www.urbs.curitiba.pr.gov.br/horario-de-onibus/516,https://especiais.gazetadopovo.com.br/horarios-de-onibus/curitiba/canal-belem-salgado-filho-516/,
327,828,C. COMPRIDO / C. RASO,https://www.urbs.curitiba.pr.gov.br/horario-de-onibus/828,https://especiais.gazetadopovo.com.br/horarios-de-onibus/curitiba/campo-comprido-capao-raso-828/,
306,826,C. COMPRIDO / CIC,https://www.urbs.curitiba.pr.gov.br/horario-de-onibus/826,https://especiais.gazetadopovo.com.br/horarios-de-onibus/curitiba/campo-comprido-cic-826/,
223,393,C. IMBUIA / PQ. BARIGUI,https://www.urbs.curitiba.pr.gov.br/horario-de-onibus/393,https://especiais.gazetadopovo.com.br/horarios-de-onibus/curitiba/capao-da-imbuia-parque-barigui-393/,
378,150,C. MÚSICA / V. ALEGRE,https://www.urbs.curitiba.pr.gov.br/horario-de-onibus/150,https://especiais.gazetadopovo.com.br/horarios-de-onibus/curitiba/canal-da-musica-vista-alegre-150/,
832,27,C. RASO / C. DO SIQUEIRA,https://www.urbs.curitiba.pr.gov.br/horario-de-onibus/027,https://especiais.gazetadopovo.com.br/horarios-de-onibus/curitiba/capao-raso-campina-do-siqueira-027/,
185,658,C. RASO / CAIUÁ,https://www.urbs.curitiba.pr.gov.br/horario-de-onibus/658,https://especiais.gazetadopovo.com.br/horarios-de-onibus/curitiba/capao-raso-caiua-658/,
745,24,C. RASO / CAMP. SIQUEIRA,https://www.urbs.curitiba.pr.gov.br/horario-de-onibus/024,https://especiais.gazetadopovo.com.br/horarios-de-onibus/curitiba/capao-raso-campina-do-siqueira-024/,
2140,X27,C.RASO/CABRAL,,,
2040,X27,C.RASO/CABRAL,,,
1330,202,CABRAL / C.RASO,https://www.urbs.curitiba.pr.gov.br/horario-de-onibus/202 ,https://especiais.gazetadopovo.com.br/horarios-de-onibus/curitiba/cabral-c-raso-202/,
2136,202,CABRAL / C.RASO,https://www.urbs.curitiba.pr.gov.br/horario-de-onibus/202 ,https://especiais.gazetadopovo.com.br/horarios-de-onibus/curitiba/cabral-c-raso-202/,
2036,202,CABRAL / C.RASO,https://www.urbs.curitiba.pr.gov.br/horario-de-onibus/202 ,https://especiais.gazetadopovo.com.br/horarios-de-onibus/curitiba/cabral-c-raso-202/,
251,207,CABRAL / OSÓRIO,https://www.urbs.curitiba.pr.gov.br/horario-de-onibus/207,https://especiais.gazetadopovo.com.br/horarios-de-onibus/curitiba/cabral-osorio-207/,
296,216,CABRAL / PORTÃO,https://www.urbs.curitiba.pr.gov.br/horario-de-onibus/216,https://especiais.gazetadopovo.com.br/horarios-de-onibus/curitiba/cabral-portao-216/,
302,703,CAIUÁ,https://www.urbs.curitiba.pr.gov.br/horario-de-onibus/703,https://especiais.gazetadopovo.com.br/horarios-de-onibus/curitiba/caiua-703/,
810,732,CAIUA / C.COMPRIDO,https://www.urbs.curitiba.pr.gov.br/horario-de-onibus/732,https://especiais.gazetadopovo.com.br/horarios-de-onibus/curitiba/caiua-campo-comprido-732/,
2037,X34,CAIUÁ / STA.QUITÉRIA,,https://especiais.gazetadopovo.com.br/horarios-de-onibus/curitiba/caiua-sta-quiteria-X34/,
1890,X34,CAIUÁ / STA.QUITÉRIA,,https://especiais.gazetadopovo.com.br/horarios-de-onibus/curitiba/caiua-sta-quiteria-X34/,
2137,X34,CAIUÁ / STA.QUITÉRIA,,https://especiais.gazetadopovo.com.br/horarios-de-onibus/curitiba/caiua-sta-quiteria-X34/,
1870,702,CAIUA/CACHOEIRA,https://www.urbs.curitiba.pr.gov.br/horario-de-onibus/702,https://especiais.gazetadopovo.com.br/horarios-de-onibus/curitiba/caiua-cachoeira-702/,
2038,702,CAIUA/CACHOEIRA,https://www.urbs.curitiba.pr.gov.br/horario-de-onibus/702,https://especiais.gazetadopovo.com.br/horarios-de-onibus/curitiba/caiua-cachoeira-702/,
2138,702,CAIUA/CACHOEIRA,https://www.urbs.curitiba.pr.gov.br/horario-de-onibus/702,https://especiais.gazetadopovo.com.br/horarios-de-onibus/curitiba/caiua-cachoeira-702/,
2027,706,CAIUA/FAZ/CENTRO,https://www.urbs.curitiba.pr.gov.br/horario-de-onibus/706,https://especiais.gazetadopovo.com.br/horarios-de-onibus/curitiba/caiua-fazendinha-centro-706/,
1430,706,CAIUA/FAZ/CENTRO,https://www.urbs.curitiba.pr.gov.br/horario-de-onibus/706,https://especiais.gazetadopovo.com.br/horarios-de-onibus/curitiba/caiua-fazendinha-centro-706/,
2127,706,CAIUA/FAZ/CENTRO,https://www.urbs.curitiba.pr.gov.br/horario-de-onibus/706,https://especiais.gazetadopovo.com.br/horarios-de-onibus/curitiba/caiua-fazendinha-centro-706/,
91,386,CAJURU,https://www.urbs.curitiba.pr.gov.br/horario-de-onibus/386,https://especiais.gazetadopovo.com.br/horarios-de-onibus/curitiba/cajuru-386/,
270,322,CAMARGO,https://www.urbs.curitiba.pr.gov.br/horario-de-onibus/322,https://especiais.gazetadopovo.com.br/horarios-de-onibus/curitiba/camargo-322/,
299,801,CAMP. SIQUEIRA / BATEL,https://www.urbs.curitiba.pr.gov.br/horario-de-onibus/801,https://especiais.gazetadopovo.com.br/horarios-de-onibus/curitiba/campina-do-siqueira-batel-801/,
1230,816,CAMP. SIQUEIRA / STA.FELICIDADE,https://www.urbs.curitiba.pr.gov.br/horario-de-onibus/816,https://especiais.gazetadopovo.com.br/horarios-de-onibus/curitiba/campina-do-siqueira-santa-felicidade-816/,
2131,816,CAMP. SIQUEIRA / STA.FELICIDADE,https://www.urbs.curitiba.pr.gov.br/horario-de-onibus/816,https://especiais.gazetadopovo.com.br/horarios-de-onibus/curitiba/campina-do-siqueira-santa-felicidade-816/,
2031,816,CAMP. SIQUEIRA / STA.FELICIDADE,https://www.urbs.curitiba.pr.gov.br/horario-de-onibus/816,https://especiais.gazetadopovo.com.br/horarios-de-onibus/curitiba/campina-do-siqueira-santa-felicidade-816/,
27,654,CAMPO ALEGRE,https://www.urbs.curitiba.pr.gov.br/horario-de-onibus/654,https://especiais.gazetadopovo.com.br/horarios-de-onibus/curitiba/campo-alegre-654/,
201,475,CANAL BELÉM,https://www.urbs.curitiba.pr.gov.br/horario-de-onibus/475,https://especiais.gazetadopovo.com.br/horarios-de-onibus/curitiba/canal-belem-475/,
142,628,CARBOMAFRA,https://www.urbs.curitiba.pr.gov.br/horario-de-onibus/628,https://especiais.gazetadopovo.com.br/horarios-de-onibus/curitiba/carbomafra-628/,
325,776,CARMELA DUTRA,https://www.urbs.curitiba.pr.gov.br/horario-de-onibus/776,https://especiais.gazetadopovo.com.br/horarios-de-onibus/curitiba/carmela-dutra-776/,
539,668,CASA DE CUSTÓDIA,https://www.urbs.curitiba.pr.gov.br/horario-de-onibus/668,https://especiais.gazetadopovo.com.br/horarios-de-onibus/curitiba/casa-de-custodia-668/,
33,224,CASSIOPÉIA,https://www.urbs.curitiba.pr.gov.br/horario-de-onibus/224,https://especiais.gazetadopovo.com.br/horarios-de-onibus/curitiba/cassiopeia-224/,
316,659,CAXIMBA / OLARIA,https://www.urbs.curitiba.pr.gov.br/horario-de-onibus/659,https://especiais.gazetadopovo.com.br/horarios-de-onibus/curitiba/caximba-olaria-659/,
339,305,CENTENÁRIO,https://www.urbs.curitiba.pr.gov.br/horario-de-onibus/305,https://especiais.gazetadopovo.com.br/horarios-de-onibus/curitiba/centenario-305/,
279,335,CENTENÁRIO / BOQUEIRÃO,https://www.urbs.curitiba.pr.gov.br/horario-de-onibus/335,https://especiais.gazetadopovo.com.br/horarios-de-onibus/curitiba/centenario-boqueirao-335/,
337,303,CENTENÁRIO / C. COMPRIDO,https://www.urbs.curitiba.pr.gov.br/horario-de-onibus/303,https://especiais.gazetadopovo.com.br/horarios-de-onibus/curitiba/centenario-campo-comprido-303/,
783,338,CENTENÁRIO / HAUER,https://www.urbs.curitiba.pr.gov.br/horario-de-onibus/338,https://especiais.gazetadopovo.com.br/horarios-de-onibus/curitiba/centenario-hauer-338/,
338,302,CENTENÁRIO / RUI BARBOSA,https://www.urbs.curitiba.pr.gov.br/horario-de-onibus/302,https://especiais.gazetadopovo.com.br/horarios-de-onibus/curitiba/centenario-rui-barbosa-302/,
210,469,CENTRO POLITÉCNICO,https://www.urbs.curitiba.pr.gov.br/horario-de-onibus/469,https://especiais.gazetadopovo.com.br/horarios-de-onibus/curitiba/centro-politecnico-469/,
1570,X32,CIC / CAPAO RASO,,https://especiais.gazetadopovo.com.br/horarios-de-onibus/curitiba/cic-capao-raso-X32/,
2029,X32,CIC / CAPAO RASO,,https://especiais.gazetadopovo.com.br/horarios-de-onibus/curitiba/cic-capao-raso-X32/,
2129,X32,CIC / CAPAO RASO,,https://especiais.gazetadopovo.com.br/horarios-de-onibus/curitiba/cic-capao-raso-X32/,
802,601,CIC / TIRADENTES,https://www.urbs.curitiba.pr.gov.br/horario-de-onibus/601,,
1190,210,CIC/CABRAL,https://www.urbs.curitiba.pr.gov.br/horario-de-onibus/210,https://especiais.gazetadopovo.com.br/horarios-de-onibus/curitiba/cic-cabral-210/,
2025,210,CIC/CABRAL,https://www.urbs.curitiba.pr.gov.br/horario-de-onibus/210,https://especiais.gazetadopovo.com.br/horarios-de-onibus/curitiba/cic-cabral-210/,
2125,210,CIC/CABRAL,https://www.urbs.curitiba.pr.gov.br/horario-de-onibus/210,https://especiais.gazetadopovo.com.br/horarios-de-onibus/curitiba/cic-cabral-210/,
177,2,CIRCULAR CENTRO (ANTI-HORÁRIO),https://www.urbs.curitiba.pr.gov.br/horario-de-onibus/002,https://especiais.gazetadopovo.com.br/horarios-de-onibus/curitiba/circular-centro-anti-horario-002/,
176,1,CIRCULAR CENTRO (HORÁRIO),https://www.urbs.curitiba.pr.gov.br/horario-de-onibus/001,https://especiais.gazetadopovo.com.br/horarios-de-onibus/curitiba/circular-centro-horario-001/,
344,602,CIRCULAR SUL (ANTI-HORÁRIO),,https://especiais.gazetadopovo.com.br/horarios-de-onibus/curitiba/circular-sul-anti-horario-602/,
343,502,CIRCULAR SUL (HORÁRIO),,https://especiais.gazetadopovo.com.br/horarios-de-onibus/curitiba/circular-sul-horario-502/,
193,211,COLINA VERDE,,https://especiais.gazetadopovo.com.br/horarios-de-onibus/curitiba/colina-verde-211/,
367,607,COLOMBO / CIC,,https://especiais.gazetadopovo.com.br/horarios-de-onibus/curitiba/colombo-cic-607/,
113,778,COTOLENGO,,https://especiais.gazetadopovo.com.br/horarios-de-onibus/curitiba/cotolengo-778/,
195,385,CRISTO REI,,https://especiais.gazetadopovo.com.br/horarios-de-onibus/curitiba/cristo-rei-385/,
620,681,DALAGASSA,,https://especiais.gazetadopovo.com.br/horarios-de-onibus/curitiba/dalagassa-681/,
755,340,DETRAN / B. ALTO,,https://especiais.gazetadopovo.com.br/horarios-de-onibus/curitiba/detran-bairro-alto-340/,
141,380,DETRAN / VIC. MACHADO,,https://especiais.gazetadopovo.com.br/horarios-de-onibus/curitiba/detran-vicente-machado-380/,
221,662,DOM ÁTICO,,https://especiais.gazetadopovo.com.br/horarios-de-onibus/curitiba/dom-atico-662/,
2115,894,E. E. 29 DE MARÇO 1,-,,
2015,894,E. E. 29 DE MARÇO 1,-,,
2006,699,E. E. ALCINDO FANAYA 1,-,,
2106,699,E. E. ALCINDO FANAYA 1,-,,
2007,795,E. E. ALCINDO FANAYA 2,-,,
2107,795,E. E. ALCINDO FANAYA 2,-,,
1991,298,E. E. ALCINDO FANAYA 3,-,,
2091,298,E. E. ALCINDO FANAYA 3,-,,
1979,799,E. E. ALI BARK 1,-,,
2079,799,E. E. ALI BARK 1,-,,
2010,798,E. E. ALI BARK 2,-,,
2110,798,E. E. ALI BARK 2,-,,
2077,695,E. E. ALTO BOQUEIRÃO,-,,
1977,695,E. E. ALTO BOQUEIRÃO,-,,
1997,399,E. E. APAE 1,-,,
2097,399,E. E. APAE 1,-,,
2099,596,E. E. APAE 2,-,,
1999,596,E. E. APAE 2,-,,
2101,598,E. E. APAE 3,-,,
2001,598,E. E. APAE 3,-,,
2071,195,E. E. APAE 4,-,,
1971,195,E. E. APAE 4,-,,
2074,199,E. E. APAE 5,-,,
1974,199,E. E. APAE 5,-,,
1994,396,E. E. APAE 6,-,,
2094,396,E. E. APAE 6,-,,
1990,297,E. E. ATUBA,-,,
2090,297,E. E. ATUBA,-,,
2003,694,E. E. BAIRRO NOVO,-,,
2103,694,E. E. BAIRRO NOVO,-,,
2070,194,E. E. BARREIRINHA,-,,
1970,194,E. E. BARREIRINHA,-,,
2073,198,E. E. BOA VISTA,-,,
1973,198,E. E. BOA VISTA,-,,
1996,398,E. E. C. IMBUIA,-,,
2096,398,E. E. C. IMBUIA,-,,
2095,397,E. E. CAJURU,-,,
1995,397,E. E. CAJURU,-,,
2016,394,E. E. CENTRAU I,-,,
2116,394,E. E. CENTRAU I,-,,
1982,899,E. E. CIC,-,,
2082,899,E. E. CIC,-,,
2005,697,E. E. ECUMÊNICA 1,-,,
2105,697,E. E. ECUMÊNICA 1,-,,
1980,897,E. E. ECUMÊNICA 2,-,,
2080,897,E. E. ECUMÊNICA 2,-,,
2081,898,E. E. ECUMÊNICA 3,-,,
1981,898,E. E. ECUMÊNICA 3,-,,
1992,299,E. E. ECUMÊNICA 4,-,,
2092,299,E. E. ECUMÊNICA 4,-,,
2075,295,E. E. ECUMÊNICA 5,-,,
1975,295,E. E. ECUMÊNICA 5,-,,
2102,599,E. E. HELENA ANTIPOFF 1,-,,
2002,599,E. E. HELENA ANTIPOFF 1,-,,
1976,497,E. E. HELENA ANTIPOFF 2,-,,
2076,497,E. E. HELENA ANTIPOFF 2,-,,
2088,197,E. E. HELENA ANTIPOFF 3,-,,
1988,197,E. E. HELENA ANTIPOFF 3,-,,
2084,499,E. E. HELENA ANTIPOFF 4,-,,
1984,499,E. E. HELENA ANTIPOFF 4,-,,
2018,995,E. E. LUCY REQUIAO 1,-,,
2118,995,E. E. LUCY REQUIAO 1,-,,
1978,698,E. E. NOSSA SRA. DA LUZ,-,,
2078,698,E. E. NOSSA SRA. DA LUZ,-,,
2012,896,E. E. NOVO MUNDO,-,,
2112,896,E. E. NOVO MUNDO,-,,
2114,997,E. E. ORLEANS,-,,
2014,997,E. E. ORLEANS,-,,
1972,196,E. E. PILARZINHO,-,,
2072,196,E. E. PILARZINHO,-,,
2104,696,E. E. PINHEIRINHO,-,,
2004,696,E. E. PINHEIRINHO,-,,
1987,391,E. E. SAO FRANCISCO DE ASSIS 1,-,,
2087,391,E. E. SAO FRANCISCO DE ASSIS 1,-,,
2100,597,E. E. SÍTIO CERCADO,-,,
2000,597,E. E. SÍTIO CERCADO,-,,
2089,296,E. E. STA. CÂNDIDA,-,,
1989,296,E. E. STA. CÂNDIDA,-,,
2113,996,E. E. STA. FELICIDADE,-,,
2013,996,E. E. STA. FELICIDADE,-,,
2108,796,E. E. STA. HELENA,-,,
2008,796,E. E. STA. HELENA,-,,
2009,797,E. E. STA. QUITÉRIA,-,,
2109,797,E. E. STA. QUITÉRIA,-,,
2111,895,E. E. TATUQUARA,-,,
2011,895,E. E. TATUQUARA,-,,
2083,693,E. E. THOMAZ EDISON 1,-,,
1983,693,E. E. THOMAZ EDISON 1,-,,
2132,893,E. E. TOMAZ EDISON 2,-,,
2032,893,E. E. TOMAZ EDISON 2,-,,
1986,691,E. E. TOMAZ EDISON 3,-,,
2086,691,E. E. TOMAZ EDISON 3,-,,
2117,392,E. E. TOMAZ EDISON 4,-,,
2017,392,E. E. TOMAZ EDISON 4,-,,
2133,692,E. E. TOMAZ EDISON 5,-,,
2033,692,E. E. TOMAZ EDISON 5,-,,
2098,496,E. E. UBERABA,-,,
1998,496,E. E. UBERABA,-,,
1993,395,E. E. V. OFICINAS,-,,
2093,395,E. E. V. OFICINAS,-,,
2085,998,E. E. VIVIAN MARCAL 1,-,,
1985,998,E. E. VIVIAN MARCAL 1,-,,
22,533,E. VERÍSSIMO / PANTANAL,,https://especiais.gazetadopovo.com.br/horarios-de-onibus/curitiba/erico-verissimo-pantanal-533/,
2024,294,E.E. ECUMENICA 6,-,,
2124,294,E.E. ECUMENICA 6,-,,
2020,494,E.E. HELENA ANTIPOFF 5,-,,
2120,494,E.E. HELENA ANTIPOFF 5,-,,
2021,994,E.E. NABIL TACLA 1,-,,
2121,994,E.E. NABIL TACLA 1,-,,
2022,999,E.E. VIVIAN MARCAL 2,-,,
2122,999,E.E. VIVIAN MARCAL 2,-,,
98,465,ERASTO GAERTNER,,https://especiais.gazetadopovo.com.br/horarios-de-onibus/curitiba/erasto-gaertner-465/,
782,X12,ESPECIAL BOQUEIRAO,,https://especiais.gazetadopovo.com.br/horarios-de-onibus/curitiba/especial-boqueirao-X12/,
828,X19,ESPECIAL HASDRUBAL BELLEGARD,,https://especiais.gazetadopovo.com.br/horarios-de-onibus/curitiba/especial-hasdrubal-bellegard-X19/,
100,266,ESTRIBO AHÚ,,https://especiais.gazetadopovo.com.br/horarios-de-onibus/curitiba/estribo-ahu-266/,
146,466,ESTUDANTES,,https://especiais.gazetadopovo.com.br/horarios-de-onibus/curitiba/estudantes-466/,
1750,275,F. NORONHA / LARANJEIRAS,,https://especiais.gazetadopovo.com.br/horarios-de-onibus/curitiba/fernando-de-noronha-laranjeiras-275/,
2054,275,F. NORONHA / LARANJEIRAS,,https://especiais.gazetadopovo.com.br/horarios-de-onibus/curitiba/fernando-de-noronha-laranjeiras-275/,
2154,275,F. NORONHA / LARANJEIRAS,,https://especiais.gazetadopovo.com.br/horarios-de-onibus/curitiba/fernando-de-noronha-laranjeiras-275/,
46,621,FANNY,,https://especiais.gazetadopovo.com.br/horarios-de-onibus/curitiba/fanny-621/,
218,701,FAZENDINHA,,https://especiais.gazetadopovo.com.br/horarios-de-onibus/curitiba/fazendinha-701/,
569,720,FAZENDINHA / C. COMPRIDO,,https://especiais.gazetadopovo.com.br/horarios-de-onibus/curitiba/fazendinha-campo-comprido-720/,
747,831,FAZENDINHA / C.RASO,,https://especiais.gazetadopovo.com.br/horarios-de-onibus/curitiba/fazendinha-capao-raso-831/,
182,611,FAZENDINHA / PORTÃO,,https://especiais.gazetadopovo.com.br/horarios-de-onibus/curitiba/fazendinha-portao-611/,
400,614,FAZENDINHA / PUC,,https://especiais.gazetadopovo.com.br/horarios-de-onibus/curitiba/fazendinha-puc-614/,
381,719,FAZENDINHA/CAIUÁ-FORUM,,https://especiais.gazetadopovo.com.br/horarios-de-onibus/curitiba/fazendinha-caiua-forum-719/,
281,270,FERNANDO DE NORONHA,,https://especiais.gazetadopovo.com.br/horarios-de-onibus/curitiba/fernando-de-noronha-270/,
289,821,FERNÃO DIAS,,https://especiais.gazetadopovo.com.br/horarios-de-onibus/curitiba/fernao-dias-821/,
95,673,FORMOSA,,https://especiais.gazetadopovo.com.br/horarios-de-onibus/curitiba/formosa-673/,
893,716,FORUM/B.VISTA,,https://especiais.gazetadopovo.com.br/horarios-de-onibus/curitiba/forum-boa-vista-716/,
2119,716,FORUM/B.VISTA,,https://especiais.gazetadopovo.com.br/horarios-de-onibus/curitiba/forum-boa-vista-716/,
2019,716,FORUM/B.VISTA,,https://especiais.gazetadopovo.com.br/horarios-de-onibus/curitiba/forum-boa-vista-716/,
211,167,FREDOLIN WOLF,,https://especiais.gazetadopovo.com.br/horarios-de-onibus/curitiba/fredolin-wolf-167/,
208,639,FUTURAMA,,https://especiais.gazetadopovo.com.br/horarios-de-onibus/curitiba/futurama-639/,
764,683,FUTURAMA / S. CERCADO,,https://especiais.gazetadopovo.com.br/horarios-de-onibus/curitiba/futurama-sitio-cercado-683/,
39,822,GABINETO,,https://especiais.gazetadopovo.com.br/horarios-de-onibus/curitiba/gabineto-822/,
317,642,GANCHINHO,,https://especiais.gazetadopovo.com.br/horarios-de-onibus/curitiba/ganchinho-642/,
336,625,GRAMADOS,,https://especiais.gazetadopovo.com.br/horarios-de-onibus/curitiba/gramados-625/,
77,470,GUABIROTUBA,,https://especiais.gazetadopovo.com.br/horarios-de-onibus/curitiba/guabirotuba-470/,
216,561,GUILHERMINA,,https://especiais.gazetadopovo.com.br/horarios-de-onibus/curitiba/guilhermina-561/,
64,513,HAUER / BOQUEIRÃO,,https://especiais.gazetadopovo.com.br/horarios-de-onibus/curitiba/hauer-boqueirao-513/,
278,371,HIGIENÓPOLIS,,https://especiais.gazetadopovo.com.br/horarios-de-onibus/curitiba/higienopolis-371/,
102,374,HUGO LANGE,,https://especiais.gazetadopovo.com.br/horarios-de-onibus/curitiba/hugo-lange-374/,
44,523,IGUAPE I,,https://especiais.gazetadopovo.com.br/horarios-de-onibus/curitiba/iguape-i-523/,
48,515,IGUAPE II,,https://especiais.gazetadopovo.com.br/horarios-de-onibus/curitiba/iguape-ii-515/,
116,23,INTER 2 ( ANTI-HORÁRIO),https://www.urbs.curitiba.pr.gov.br/horario-de-onibus/023,https://especiais.gazetadopovo.com.br/horarios-de-onibus/curitiba/inter-2-anti-horario-023/,
301,22,INTER 2 (HORÁRIO),https://www.urbs.curitiba.pr.gov.br/horario-de-onibus/022,https://especiais.gazetadopovo.com.br/horarios-de-onibus/curitiba/inter-2-horario-022/,https://moovitapp.com/curitiba-942/lines/022_inter_2_(hor%C3%A1rio)/381388/3790959/pt-br
134,378,INTER-HOSPITAIS,,https://especiais.gazetadopovo.com.br/horarios-de-onibus/curitiba/inter-hospitais-378/,
252,11,INTERBAIRROS I (ANTI-HORÁRIO),https://www.urbs.curitiba.pr.gov.br/horario-de-onibus/011,https://especiais.gazetadopovo.com.br/horarios-de-onibus/curitiba/interbairros-i-anti-horario-011/,
253,10,INTERBAIRROS I (HORÁRIO),https://www.urbs.curitiba.pr.gov.br/horario-de-onibus/010,https://especiais.gazetadopovo.com.br/horarios-de-onibus/curitiba/interbairros-i-horario-010/,
162,21,INTERBAIRROS II (ANTI-HORÁRIO),https://www.urbs.curitiba.pr.gov.br/horario-de-onibus/021,https://especiais.gazetadopovo.com.br/horarios-de-onibus/curitiba/interbairros-ii-anti-horario-021/,
156,20,INTERBAIRROS II (HORÁRIO),https://www.urbs.curitiba.pr.gov.br/horario-de-onibus/020,https://especiais.gazetadopovo.com.br/horarios-de-onibus/curitiba/interbairros-ii-horario-020/,
128,30,INTERBAIRROS III,https://www.urbs.curitiba.pr.gov.br/horario-de-onibus/030,https://especiais.gazetadopovo.com.br/horarios-de-onibus/curitiba/interbairros-iii-030/,
275,40,INTERBAIRROS IV,https://www.urbs.curitiba.pr.gov.br/horario-de-onibus/040,https://especiais.gazetadopovo.com.br/horarios-de-onibus/curitiba/interbairros-iv-040/,
342,50,INTERBAIRROS V,https://www.urbs.curitiba.pr.gov.br/horario-de-onibus/050,https://especiais.gazetadopovo.com.br/horarios-de-onibus/curitiba/interbairros-v-050/,
294,60,INTERBAIRROS VI,https://www.urbs.curitiba.pr.gov.br/horario-de-onibus/060,https://especiais.gazetadopovo.com.br/horarios-de-onibus/curitiba/interbairros-vi-060/,
196,512,ITAMARATI,,https://especiais.gazetadopovo.com.br/horarios-de-onibus/curitiba/itamarati-512/,
186,711,ITATIAIA,,https://especiais.gazetadopovo.com.br/horarios-de-onibus/curitiba/itatiaia-711/,
197,366,ITUPAVA / HOSP. MILITAR,,https://especiais.gazetadopovo.com.br/horarios-de-onibus/curitiba/itupava-hospital-militar-366/,
78,468,JD. CENTAURO,,https://especiais.gazetadopovo.com.br/horarios-de-onibus/curitiba/jardim-centauro-468/,
212,183,JD. CHAPARRAL,,https://especiais.gazetadopovo.com.br/horarios-de-onibus/curitiba/jardim-chaparral-183/,
352,655,JD. DA ORDEM,,https://especiais.gazetadopovo.com.br/horarios-de-onibus/curitiba/jardim-da-ordem-655/,
174,244,JD. DO ARROIO,,https://especiais.gazetadopovo.com.br/horarios-de-onibus/curitiba/jardim-do-arroio-244/,
74,865,JD. ESPLANADA,,https://especiais.gazetadopovo.com.br/horarios-de-onibus/curitiba/jardim-esplanada-865/,
187,712,JD. INDEPENDÊNCIA / CIC,,https://especiais.gazetadopovo.com.br/horarios-de-onibus/curitiba/jardim-independencia-cic-712/,
43,917,JD. IPÊ,,https://especiais.gazetadopovo.com.br/horarios-de-onibus/curitiba/jardim-ipe-917/,
220,972,JD. ITÁLIA,,https://especiais.gazetadopovo.com.br/horarios-de-onibus/curitiba/jardim-italia-972/,
277,474,JD. ITIBERÊ,,https://especiais.gazetadopovo.com.br/horarios-de-onibus/curitiba/jardim-itibere-474/,
16,169,JD. KOSMOS,,https://especiais.gazetadopovo.com.br/horarios-de-onibus/curitiba/jardim-kosmos-169/,
318,617,JD. LUDOVICA,,https://especiais.gazetadopovo.com.br/horarios-de-onibus/curitiba/jardim-ludovica-617/,
68,160,JD. MERCÊS / GUANABARA,,https://especiais.gazetadopovo.com.br/horarios-de-onibus/curitiba/jardim-merces-guanabara-160/,
1,532,JD. PARANAENSE,,https://especiais.gazetadopovo.com.br/horarios-de-onibus/curitiba/jardim-paranaense-532/,
199,365,JD. SOCIAL / BATEL,,https://especiais.gazetadopovo.com.br/horarios-de-onibus/curitiba/jardim-social-batel-365/,
41,912,JOSÉ CULPI,,https://especiais.gazetadopovo.com.br/horarios-de-onibus/curitiba/jose-culpi-912/,
2151,938,JOSÉ CULPI / VENEZA,,https://especiais.gazetadopovo.com.br/horarios-de-onibus/curitiba/jose-culpi-veneza-938/,
2051,938,JOSÉ CULPI / VENEZA,,https://especiais.gazetadopovo.com.br/horarios-de-onibus/curitiba/jose-culpi-veneza-938/,
1670,938,JOSÉ CULPI / VENEZA,,https://especiais.gazetadopovo.com.br/horarios-de-onibus/curitiba/jose-culpi-veneza-938/,
204,967,JÚLIO GRAF,,https://especiais.gazetadopovo.com.br/horarios-de-onibus/curitiba/julio-graf-967/,
314,285,JUVEVÊ / ÁGUA VERDE,,https://especiais.gazetadopovo.com.br/horarios-de-onibus/curitiba/juveve-agua-verde-285/,
321,656,KAMYR,,https://especiais.gazetadopovo.com.br/horarios-de-onibus/curitiba/kamyr-656/,
1690,600,KAMYR/QUARTEL GENERAL,,https://especiais.gazetadopovo.com.br/horarios-de-onibus/curitiba/kamyr-quartel-general-600/,
2145,600,KAMYR/QUARTEL GENERAL,,https://especiais.gazetadopovo.com.br/horarios-de-onibus/curitiba/kamyr-quartel-general-600/,
2045,600,KAMYR/QUARTEL GENERAL,,https://especiais.gazetadopovo.com.br/horarios-de-onibus/curitiba/kamyr-quartel-general-600/,
82,271,LARANJEIRAS,,https://especiais.gazetadopovo.com.br/horarios-de-onibus/curitiba/laranjeiras-271/,
818,500,LIGEIRÃO BOQUEIRÃO,,https://especiais.gazetadopovo.com.br/horarios-de-onibus/curitiba/ligeirao-boqueirao-500/,
809,550,LIGEIRÃO PINHEIRINHO / C. GOMES,,https://especiais.gazetadopovo.com.br/horarios-de-onibus/curitiba/ligeirao-pinheirinho-c-gomes-550/,
2146,200,LIGEIRÃO STA.CÂNDIDA / PÇA.DO JAPÃO,,https://especiais.gazetadopovo.com.br/horarios-de-onibus/curitiba/ligeirao-sta-candida-pca-do-japao-200/,
2046,200,LIGEIRÃO STA.CÂNDIDA / PÇA.DO JAPÃO,,https://especiais.gazetadopovo.com.br/horarios-de-onibus/curitiba/ligeirao-sta-candida-pca-do-japao-200/,
1770,200,LIGEIRÃO STA.CÂNDIDA / PÇA.DO JAPÃO,,https://especiais.gazetadopovo.com.br/horarios-de-onibus/curitiba/ligeirao-sta-candida-pca-do-japao-200/,
65,661,LINDÓIA,,https://especiais.gazetadopovo.com.br/horarios-de-onibus/curitiba/lindoia-661/,
183,635,LONDRINA,,https://especiais.gazetadopovo.com.br/horarios-de-onibus/curitiba/londrina-635/,
351,641,LUIZ NICHELE,,https://especiais.gazetadopovo.com.br/horarios-de-onibus/curitiba/luiz-nichele-641/,
566,189,MAD. ABRANCHES,,https://especiais.gazetadopovo.com.br/horarios-de-onibus/curitiba/madrugueiro-abranches-189/,
548,549,MAD. BAIRRO NOVO,,https://especiais.gazetadopovo.com.br/horarios-de-onibus/curitiba/madrugueiro-bairro-novo-549/,
546,509,MAD. BOQUEIRÃO,,https://especiais.gazetadopovo.com.br/horarios-de-onibus/curitiba/madrugueiro-boqueirao-509/,
555,789,MAD. CAIUÁ,,https://especiais.gazetadopovo.com.br/horarios-de-onibus/curitiba/madrugueiro-caiua-789/,
571,809,MAD. CAMPO COMPRIDO,,https://especiais.gazetadopovo.com.br/horarios-de-onibus/curitiba/madrugueiro-campo-comprido-809/,
543,309,MAD. CENTENÁRIO,,https://especiais.gazetadopovo.com.br/horarios-de-onibus/curitiba/madrugueiro-centenario-309/,
542,308,MAD. CENTENÁRIO / RUI BARBOSA,,https://especiais.gazetadopovo.com.br/horarios-de-onibus/curitiba/madrugueiro-centenario-rui-barbosa-308/,
550,609,MAD. CIC,,https://especiais.gazetadopovo.com.br/horarios-de-onibus/curitiba/madrugueiro-cic-609/,
541,229,MAD. PENHA / F. NORONHA,,https://especiais.gazetadopovo.com.br/horarios-de-onibus/curitiba/madrugueiro-penha-fernando-de-noronha-229/,
545,489,MAD. PETRÓPOLIS / SOLITUDE,,https://especiais.gazetadopovo.com.br/horarios-de-onibus/curitiba/madrugueiro-petropolis-solitude-489/,
565,188,MAD. PILARZINHO / UBERABA,,https://especiais.gazetadopovo.com.br/horarios-de-onibus/curitiba/madrugueiro-pilarzinho-uberaba-188/,
549,608,MAD. PINHEIRINHO,,https://especiais.gazetadopovo.com.br/horarios-de-onibus/curitiba/madrugueiro-pinheirinho-608/,
567,209,MAD. S. CÂNDIDA / C. RASO,,https://especiais.gazetadopovo.com.br/horarios-de-onibus/curitiba/madrugueiro-santa-candida-capao-raso-209/,
547,519,MAD. S. FRANCISCO / IGUAPE,,https://especiais.gazetadopovo.com.br/horarios-de-onibus/curitiba/madrugueiro-sao-francisco-iguape-519/,
553,689,MAD. S. PEDRO / R. NEGRO,,https://especiais.gazetadopovo.com.br/horarios-de-onibus/curitiba/madrugueiro-sao-pedro-rio-negro-689/,
556,889,MAD. SÃO BRÁZ,,https://especiais.gazetadopovo.com.br/horarios-de-onibus/curitiba/madrugueiro-sao-braz-889/,
557,989,MAD. STA. FELICIDADE,,https://especiais.gazetadopovo.com.br/horarios-de-onibus/curitiba/madrugueiro-santa-felicidade-989/,
544,389,MAD. TARUMÃ / AUGUSTA,,https://especiais.gazetadopovo.com.br/horarios-de-onibus/curitiba/madrugueiro-taruma-augusta-389/,
767,679,MAD. TATUQUARA,,https://especiais.gazetadopovo.com.br/horarios-de-onibus/curitiba/madrugueiro-tatuquara-679/,
554,788,MAD. V. VELHA,,https://especiais.gazetadopovo.com.br/horarios-de-onibus/curitiba/madrugueiro-vila-velha-788/,
132,260,MAL. HERMES / STA. EFIGÊNIA,,https://especiais.gazetadopovo.com.br/horarios-de-onibus/curitiba/marechal-hermes-santa-efigenia-260/,
284,633,MARIA ANGÉLICA,,https://especiais.gazetadopovo.com.br/horarios-de-onibus/curitiba/maria-angelica-633/,
192,522,MARINGÁ,,https://especiais.gazetadopovo.com.br/horarios-de-onibus/curitiba/maringa-522/,
839,721,MÁRIO JORGE,,https://especiais.gazetadopovo.com.br/horarios-de-onibus/curitiba/mario-jorge-721/,
67,181,MATEUS LEME,,https://especiais.gazetadopovo.com.br/horarios-de-onibus/curitiba/mateus-leme-181/,
334,594,MENONITAS,,https://especiais.gazetadopovo.com.br/horarios-de-onibus/curitiba/menonitas-594/,
29,331,MERCÚRIO,,https://especiais.gazetadopovo.com.br/horarios-de-onibus/curitiba/mercurio-331/,
307,812,MONTANA,,https://especiais.gazetadopovo.com.br/horarios-de-onibus/curitiba/montana-812/,
287,814,MOSSUNGUÊ,,https://especiais.gazetadopovo.com.br/horarios-de-onibus/curitiba/mossungue-814/,
45,521,NIVALDO BRAGA,,https://especiais.gazetadopovo.com.br/horarios-de-onibus/curitiba/nivaldo-braga-521/,
323,360,NOVENA,,https://especiais.gazetadopovo.com.br/horarios-de-onibus/curitiba/novena-360/,
12,666,NOVO MUNDO,,https://especiais.gazetadopovo.com.br/horarios-de-onibus/curitiba/novo-mundo-666/,
126,674,NSA. SRA. DA LUZ,,https://especiais.gazetadopovo.com.br/horarios-de-onibus/curitiba/nossa-senhora-da-luz-674/,
75,280,NSA.SRA.DE NAZARÉ,,https://especiais.gazetadopovo.com.br/horarios-de-onibus/curitiba/nsa-sra-de-nazare-280/,
173,233,OLARIA,,https://especiais.gazetadopovo.com.br/horarios-de-onibus/curitiba/olaria-233/,
60,535,OSTERNACK / BOQUEIRÃO,,https://especiais.gazetadopovo.com.br/horarios-de-onibus/curitiba/osternack-boqueirao-535/,
123,548,OSTERNACK / S. CERCADO,,https://especiais.gazetadopovo.com.br/horarios-de-onibus/curitiba/osternack-sitio-cercado-548/,
813,520,OSTERNACK / S. CERCADO L.D.,,,
70,915,OURO VERDE (VIA VL.BÁDIA),,https://especiais.gazetadopovo.com.br/horarios-de-onibus/curitiba/ouro-verde-via-vila-badia-915/,
83,272,PAINEIRAS,,https://especiais.gazetadopovo.com.br/horarios-de-onibus/curitiba/paineiras-272/,
319,640,PALMEIRA,,https://especiais.gazetadopovo.com.br/horarios-de-onibus/curitiba/palmeira-640/,
349,387,PALOTINOS,,https://especiais.gazetadopovo.com.br/horarios-de-onibus/curitiba/palotinos-387/,
171,343,PARAÍSO,,https://especiais.gazetadopovo.com.br/horarios-de-onibus/curitiba/paraiso-343/,
21,534,PARIGOT DE SOUZA,,https://especiais.gazetadopovo.com.br/horarios-de-onibus/curitiba/parigot-de-souza-534/,
250,623,PARQUE INDUSTRIAL,,https://especiais.gazetadopovo.com.br/horarios-de-onibus/curitiba/parque-industrial-623/,
66,176,PARQUE TANGUÁ,,https://especiais.gazetadopovo.com.br/horarios-de-onibus/curitiba/parque-tangua-176/,
122,911,PASSAÚNA,,https://especiais.gazetadopovo.com.br/horarios-de-onibus/curitiba/passauna-911/,
1650,928,PASSAÚNA / JD.IPÊ,,https://especiais.gazetadopovo.com.br/horarios-de-onibus/curitiba/passauna-jardim-ipe-928/,
2050,928,PASSAÚNA / JD.IPÊ,,https://especiais.gazetadopovo.com.br/horarios-de-onibus/curitiba/passauna-jardim-ipe-928/,
2150,928,PASSAÚNA / JD.IPÊ,,https://especiais.gazetadopovo.com.br/horarios-de-onibus/curitiba/passauna-jardim-ipe-928/,
153,462,PETRÓPOLIS,,https://especiais.gazetadopovo.com.br/horarios-de-onibus/curitiba/petropolis-462/,
304,304,PINHAIS / C. COMPRIDO,,https://especiais.gazetadopovo.com.br/horarios-de-onibus/curitiba/pinhais-campo-comprido-304/,
80,638,PINHEIRINHO,,https://especiais.gazetadopovo.com.br/horarios-de-onibus/curitiba/pinheirinho-638/,
145,644,PINHEIRINHO / CIC,,https://especiais.gazetadopovo.com.br/horarios-de-onibus/curitiba/pinheirinho-cic-644/,
393,688,PINHEIRINHO / ZOOLÓGICO,,https://especiais.gazetadopovo.com.br/horarios-de-onibus/curitiba/pinheirinho-zoologico-688/,
1450,527,PINHEIRINHO/BOQUEIRAO,,https://especiais.gazetadopovo.com.br/horarios-de-onibus/curitiba/pinheirinho-boqueirao-527/,
2126,527,PINHEIRINHO/BOQUEIRAO,,https://especiais.gazetadopovo.com.br/horarios-de-onibus/curitiba/pinheirinho-boqueirao-527/,
2026,527,PINHEIRINHO/BOQUEIRAO,,https://especiais.gazetadopovo.com.br/horarios-de-onibus/curitiba/pinheirinho-boqueirao-527/,
2035,700,PINHEIRINHO/CABRAL,,https://especiais.gazetadopovo.com.br/horarios-de-onibus/curitiba/pinheirinho-cabral-700/,
1850,700,PINHEIRINHO/CABRAL,,https://especiais.gazetadopovo.com.br/horarios-de-onibus/curitiba/pinheirinho-cabral-700/,
2135,700,PINHEIRINHO/CABRAL,,https://especiais.gazetadopovo.com.br/horarios-de-onibus/curitiba/pinheirinho-cabral-700/,
1930,X35,PINHEIRINHO/PREFEITURA,,https://especiais.gazetadopovo.com.br/horarios-de-onibus/curitiba/pinheirinho-prefeitura-X35/,
2130,X35,PINHEIRINHO/PREFEITURA,,https://especiais.gazetadopovo.com.br/horarios-de-onibus/curitiba/pinheirinho-prefeitura-X35/,
2030,X35,PINHEIRINHO/PREFEITURA,,https://especiais.gazetadopovo.com.br/horarios-de-onibus/curitiba/pinheirinho-prefeitura-X35/,
298,603,PINHEIRINHO/RUI BARBOSA,,https://especiais.gazetadopovo.com.br/horarios-de-onibus/curitiba/pinheirinho-rui-barbosa-603/,
42,916,PINHEIROS,,https://especiais.gazetadopovo.com.br/horarios-de-onibus/curitiba/pinheiros-916/,
282,631,PIRATINI / BR 476,,https://especiais.gazetadopovo.com.br/horarios-de-onibus/curitiba/piratini-br-476-631/,
286,649,PIRINEUS,,https://especiais.gazetadopovo.com.br/horarios-de-onibus/curitiba/pirineus-649/,
164,646,POMPEIA/JANAINA,,https://especiais.gazetadopovo.com.br/horarios-de-onibus/curitiba/pompeia-janaina-646/,
94,671,PORTÃO,,https://especiais.gazetadopovo.com.br/horarios-de-onibus/curitiba/portao-671/,
88,612,PORTÃO / CIC,,https://especiais.gazetadopovo.com.br/horarios-de-onibus/curitiba/portao-cic-612/,
345,616,PORTAO / STA. BERNADETHE - L. VERDE,,https://especiais.gazetadopovo.com.br/horarios-de-onibus/curitiba/portao-santa-bernadethe-linha-verde-616/,
830,X20,PORTAO/SITIO CERCADO,,https://especiais.gazetadopovo.com.br/horarios-de-onibus/curitiba/portao-sitio-cercado-X20/,
189,718,PORTO BELO,,https://especiais.gazetadopovo.com.br/horarios-de-onibus/curitiba/porto-belo-718/,
20,171,PRIMAVERA,,https://especiais.gazetadopovo.com.br/horarios-de-onibus/curitiba/primavera-171/,
1630,518,PUC/RODOFERROVIARIA,,https://especiais.gazetadopovo.com.br/horarios-de-onibus/curitiba/puc-rodoferroviaria-518/,
2149,518,PUC/RODOFERROVIARIA,,https://especiais.gazetadopovo.com.br/horarios-de-onibus/curitiba/puc-rodoferroviaria-518/,
2049,518,PUC/RODOFERROVIARIA,,https://especiais.gazetadopovo.com.br/horarios-de-onibus/curitiba/puc-rodoferroviaria-518/,
6,632,QUARTEL GENERAL,,https://especiais.gazetadopovo.com.br/horarios-de-onibus/curitiba/quartel-general-632/,
2042,164,R.PRADO/C.GOMES,,https://especiais.gazetadopovo.com.br/horarios-de-onibus/curitiba/raquel-prado-carlos-gomes-164/,
2142,164,R.PRADO/C.GOMES,,https://especiais.gazetadopovo.com.br/horarios-de-onibus/curitiba/raquel-prado-carlos-gomes-164/,
1070,164,R.PRADO/C.GOMES,,https://especiais.gazetadopovo.com.br/horarios-de-onibus/curitiba/raquel-prado-carlos-gomes-164/,
105,168,RAPOSO TAVARES,,https://especiais.gazetadopovo.com.br/horarios-de-onibus/curitiba/raposo-tavares-168/,
2170,X36,REF. GUADALUPE / FAZENDINHA,,,
1510,X30,REFORÇO C.IMBUIA,,https://especiais.gazetadopovo.com.br/horarios-de-onibus/curitiba/reforco-capao-da-imbuia-X30/,
2041,X30,REFORÇO C.IMBUIA,,https://especiais.gazetadopovo.com.br/horarios-de-onibus/curitiba/reforco-capao-da-imbuia-X30/,
2141,X30,REFORÇO C.IMBUIA,,https://especiais.gazetadopovo.com.br/horarios-de-onibus/curitiba/reforco-capao-da-imbuia-X30/,
2148,X31,REFORCO CAMP.SIQUEIRA,,,
2048,X31,REFORCO CAMP.SIQUEIRA,,,
1530,X31,REFORCO CAMP.SIQUEIRA,,,
819,X14,REFORÇO HAUER,,https://especiais.gazetadopovo.com.br/horarios-de-onibus/curitiba/reforco-hauer-X14/,
2123,X22,REFORÇO PORTÃO,,https://especiais.gazetadopovo.com.br/horarios-de-onibus/curitiba/reforco-portao-X22/,
2023,X22,REFORÇO PORTÃO,,https://especiais.gazetadopovo.com.br/horarios-de-onibus/curitiba/reforco-portao-X22/,
930,X22,REFORÇO PORTÃO,,https://especiais.gazetadopovo.com.br/horarios-de-onibus/curitiba/reforco-portao-X22/,
331,815,REFORÇO TUIUTI,,https://especiais.gazetadopovo.com.br/horarios-de-onibus/curitiba/reforco-tuiuti-815/,
765,684,RIO BONITO,,https://especiais.gazetadopovo.com.br/horarios-de-onibus/curitiba/rio-bonito-684/,
796,685,RIO BONITO / CIC,,https://especiais.gazetadopovo.com.br/horarios-de-onibus/curitiba/rio-bonito-cic-685/,
320,636,RIO NEGRO,,https://especiais.gazetadopovo.com.br/horarios-de-onibus/curitiba/rio-negro-636/,
315,827,RIVIERA,,https://especiais.gazetadopovo.com.br/horarios-de-onibus/curitiba/riviera-827/,
25,622,RONDON,,https://especiais.gazetadopovo.com.br/horarios-de-onibus/curitiba/rondon-622/,
217,370,RUA XV / BARIGUI,,https://especiais.gazetadopovo.com.br/horarios-de-onibus/curitiba/rua-xv-barigui-370/,
823,680,RURBANA,,https://especiais.gazetadopovo.com.br/horarios-de-onibus/curitiba/rurbana-680/,
788,546,S. CERCADO / BOQUEIRÃO,,,
568,610,S. CERCADO / C. RASO,,https://especiais.gazetadopovo.com.br/horarios-de-onibus/curitiba/sitio-cercado-capao-raso-610/,
322,653,SABARÁ,,https://especiais.gazetadopovo.com.br/horarios-de-onibus/curitiba/sabara-653/,
274,375,SAGRADO CORAÇÃO,,https://especiais.gazetadopovo.com.br/horarios-de-onibus/curitiba/sagrado-coracao-375/,
1550,552,SAMBAQUI,,https://especiais.gazetadopovo.com.br/horarios-de-onibus/curitiba/sambaqui-552/,
2044,552,SAMBAQUI,,https://especiais.gazetadopovo.com.br/horarios-de-onibus/curitiba/sambaqui-552/,
2144,552,SAMBAQUI,,https://especiais.gazetadopovo.com.br/horarios-de-onibus/curitiba/sambaqui-552/,
347,236,SÃO BENEDITO,,https://especiais.gazetadopovo.com.br/horarios-de-onibus/curitiba/sao-benedito-236/,
99,965,SÃO BERNARDO,,https://especiais.gazetadopovo.com.br/horarios-de-onibus/curitiba/sao-bernardo-965/,
139,870,SÃO BRAZ,,https://especiais.gazetadopovo.com.br/horarios-de-onibus/curitiba/sao-braz-870/,
52,511,SÃO FRANCISCO,,https://especiais.gazetadopovo.com.br/horarios-de-onibus/curitiba/sao-francisco-511/,
31,213,SÃO JOÃO,,https://especiais.gazetadopovo.com.br/horarios-de-onibus/curitiba/sao-joao-213/,
110,670,SÃO JORGE,,https://especiais.gazetadopovo.com.br/horarios-de-onibus/curitiba/sao-jorge-670/,
191,811,SATURNO,,https://especiais.gazetadopovo.com.br/horarios-de-onibus/curitiba/saturno-811/,
312,876,SAVÓIA,,https://especiais.gazetadopovo.com.br/horarios-de-onibus/curitiba/savoia-876/,
151,508,SÍTIO CERCADO (ANTI-HORÁRIO),,https://especiais.gazetadopovo.com.br/horarios-de-onibus/curitiba/sitio-cercado-anti-horario-508/,
150,507,SÍTIO CERCADO (HORÁRIO),,https://especiais.gazetadopovo.com.br/horarios-de-onibus/curitiba/sitio-cercado-horario-507/,
777,X11,SITIO CERCADO / C. RASO,,https://especiais.gazetadopovo.com.br/horarios-de-onibus/curitiba/sitio-cercado-capao-raso-X11/,
30,212,SOLAR,,https://especiais.gazetadopovo.com.br/horarios-de-onibus/curitiba/solar-212/,
340,463,SOLITUDE,,https://especiais.gazetadopovo.com.br/horarios-de-onibus/curitiba/solitude-463/,
188,713,STA. AMÉLIA,,https://especiais.gazetadopovo.com.br/horarios-de-onibus/curitiba/santa-amelia-713/,
276,461,STA. BARBARA,,https://especiais.gazetadopovo.com.br/horarios-de-onibus/curitiba/santa-barbara-461/,
72,203,STA. CÂNDIDA / C. RASO,,https://especiais.gazetadopovo.com.br/horarios-de-onibus/curitiba/santa-candida-capao-raso-203/,
781,620,STA. CRUZ,,https://especiais.gazetadopovo.com.br/horarios-de-onibus/curitiba/santa-cruz-620/,
354,901,STA. FELICIDADE,,https://especiais.gazetadopovo.com.br/horarios-de-onibus/curitiba/santa-felicidade-901/,
17,902,STA. FELICIDADE / PCA.TIRADENTES,,https://especiais.gazetadopovo.com.br/horarios-de-onibus/curitiba/santa-felicidade-linha-direta-902/,
222,924,STA. FELICIDADE / STA. CÂNDIDA,,https://especiais.gazetadopovo.com.br/horarios-de-onibus/curitiba/santa-felicidade-santa-candida-924/,
215,274,STA. GEMA,,https://especiais.gazetadopovo.com.br/horarios-de-onibus/curitiba/santa-gema-274/,
297,531,STA. INÊS,,https://especiais.gazetadopovo.com.br/horarios-de-onibus/curitiba/santa-ines-531/,
283,637,STA. JOANA,,https://especiais.gazetadopovo.com.br/horarios-de-onibus/curitiba/santa-joana-637/,
190,760,STA. QUITÉRIA,,https://especiais.gazetadopovo.com.br/horarios-de-onibus/curitiba/santa-quiteria-760/,
127,619,STA. RITA / CIC,,https://especiais.gazetadopovo.com.br/horarios-de-onibus/curitiba/santa-rita-cic-619/,
392,650,STA. RITA / PINHEIRINHO,,https://especiais.gazetadopovo.com.br/horarios-de-onibus/curitiba/santa-rita-pinheirinho-650/,
280,243,STA. TEREZINHA,,https://especiais.gazetadopovo.com.br/horarios-de-onibus/curitiba/santa-terezinha-243/,
1470,710,STA.AMELIA/P.BELO,,https://especiais.gazetadopovo.com.br/horarios-de-onibus/curitiba/santa-amelia-porto-belo-710/,
2028,710,STA.AMELIA/P.BELO,,https://especiais.gazetadopovo.com.br/horarios-de-onibus/curitiba/santa-amelia-porto-belo-710/,
2128,710,STA.AMELIA/P.BELO,,https://especiais.gazetadopovo.com.br/horarios-de-onibus/curitiba/santa-amelia-porto-belo-710/,
272,372,TARUMÃ,,https://especiais.gazetadopovo.com.br/horarios-de-onibus/curitiba/taruma-372/,
533,667,TERMINAL CIC,,https://especiais.gazetadopovo.com.br/horarios-de-onibus/curitiba/terminal-cic-667/,
175,214,TINGUI,,https://especiais.gazetadopovo.com.br/horarios-de-onibus/curitiba/tingui-214/,
137,545,TRABALHADOR,,https://especiais.gazetadopovo.com.br/horarios-de-onibus/curitiba/trabalhador-545/,
206,861,TRAMONTINA,,https://especiais.gazetadopovo.com.br/horarios-de-onibus/curitiba/tramontina-861/,
170,321,TRINDADE,,https://especiais.gazetadopovo.com.br/horarios-de-onibus/curitiba/trindade-321/,
2190,672,TUPY/JULIANA,,,
2210,772,TUPY/JULIANA,,,
133,979,TURISMO,,https://especiais.gazetadopovo.com.br/horarios-de-onibus/curitiba/turismo-979/,
79,472,UBERABA,,https://especiais.gazetadopovo.com.br/horarios-de-onibus/curitiba/uberaba-472/,
350,615,UBERLÂNDIA,,https://especiais.gazetadopovo.com.br/horarios-de-onibus/curitiba/uberlandia-615/,https://moovitapp.com/curitiba-942/lines/615_uberl%C3%A2ndia/4394568/3778116/pt-br
144,643,UMBARÁ,,https://especiais.gazetadopovo.com.br/horarios-de-onibus/curitiba/umbara-643/,
738,Z01,UNIBRASIL / TUBO DETRAN,,https://especiais.gazetadopovo.com.br/horarios-de-onibus/curitiba/unibrasil-tubo-detran-Z01/,
333,829,UNIV.POSITIVO,,https://especiais.gazetadopovo.com.br/horarios-de-onibus/curitiba/universidade-positivo-829/,
54,165,UNIVERSIDADES,,https://especiais.gazetadopovo.com.br/horarios-de-onibus/curitiba/universidades-165/,
114,323,V. AUTÓDROMO,,https://especiais.gazetadopovo.com.br/horarios-de-onibus/curitiba/vila-autodromo-323/,
71,663,V. CUBAS,,https://especiais.gazetadopovo.com.br/horarios-de-onibus/curitiba/vila-cubas-663/,
328,222,V. ESPERANÇA,,https://especiais.gazetadopovo.com.br/horarios-de-onibus/curitiba/vila-esperanca-222/,
290,761,V. IZABEL,,https://especiais.gazetadopovo.com.br/horarios-de-onibus/curitiba/vila-izabel-761/,
827,690,V. JULIANA,,https://especiais.gazetadopovo.com.br/horarios-de-onibus/curitiba/vila-juliana-690/,
35,242,V. LEONICE,,https://especiais.gazetadopovo.com.br/horarios-de-onibus/curitiba/vila-leonice-242/,
254,467,V. MACEDO,,https://especiais.gazetadopovo.com.br/horarios-de-onibus/curitiba/vila-macedo-467/,
353,714,V. MARISA,,https://especiais.gazetadopovo.com.br/horarios-de-onibus/curitiba/vila-marisa-714/,
62,825,V. MARQUETO,,https://especiais.gazetadopovo.com.br/horarios-de-onibus/curitiba/vila-marqueto-825/,
178,166,V. NORI,,https://especiais.gazetadopovo.com.br/horarios-de-onibus/curitiba/vila-nori-166/,
388,336,V. RENO,,https://especiais.gazetadopovo.com.br/horarios-de-onibus/curitiba/vila-reno-336/,
115,665,V. REX,,https://especiais.gazetadopovo.com.br/horarios-de-onibus/curitiba/vila-rex-665/,
326,762,V. ROSINHA,,https://especiais.gazetadopovo.com.br/horarios-de-onibus/curitiba/vila-rosinha-762/,
148,860,V. SANDRA,,https://especiais.gazetadopovo.com.br/horarios-de-onibus/curitiba/vila-sandra-860/,
57,471,V. SÃO PAULO,,https://especiais.gazetadopovo.com.br/horarios-de-onibus/curitiba/vila-sao-paulo-471/,
285,624,V. SÃO PEDRO,,https://especiais.gazetadopovo.com.br/horarios-de-onibus/curitiba/vila-sao-pedro-624/,
90,184,V. SUIÇA,,https://especiais.gazetadopovo.com.br/horarios-de-onibus/curitiba/vila-suica-184/,
112,777,V. VELHA,,https://especiais.gazetadopovo.com.br/horarios-de-onibus/curitiba/vila-velha-777/,
125,652,V. VERDE,,https://especiais.gazetadopovo.com.br/horarios-de-onibus/curitiba/vila-verde-652/,
309,918,VENEZA,,https://especiais.gazetadopovo.com.br/horarios-de-onibus/curitiba/veneza-918/,
791,Z03,VIC. DE CARVALHO / C. IMBUIA,,https://especiais.gazetadopovo.com.br/horarios-de-onibus/curitiba/vicente-de-carvalho-capao-da-imbuia-Z03/,
817,779,VILA VELHA/BURITI,,https://especiais.gazetadopovo.com.br/horarios-de-onibus/curitiba/vila-velha-buriti-779/,
391,630,VITÓRIA RÉGIA,,https://especiais.gazetadopovo.com.br/horarios-de-onibus/curitiba/vitoria-regia-630/,
7,657,XAXIM / CAPÃO RASO,,https://especiais.gazetadopovo.com.br/horarios-de-onibus/curitiba/xaxim-capao-raso-657/,
257,536,ZOOLÓGICO,,https://especiais.gazetadopovo.com.br/horarios-de-onibus/curitiba/zoologico-536/,
