bg-amarela,464,https://especiais.gazetadopovo.com.br/horarios-de-onibus/curitiba/alcides-munhoz-jardim-botanico-464/,Alcides Munhoz / Jardim Botânico
bg-laranja,226,https://especiais.gazetadopovo.com.br/horarios-de-onibus/curitiba/abaete-226/,Abaeté
bg-amarela,182,https://especiais.gazetadopovo.com.br/horarios-de-onibus/curitiba/abranches-182/,Abranches
bg-laranja,332,https://especiais.gazetadopovo.com.br/horarios-de-onibus/curitiba/acropole-332/,Acrópole
bg-laranja,334,https://especiais.gazetadopovo.com.br/horarios-de-onibus/curitiba/agricola-334/,Agrícola
bg-amarela,180,https://especiais.gazetadopovo.com.br/horarios-de-onibus/curitiba/agua-verde-abranches-180/,Água Verde / Abranches
bg-amarela,265,https://especiais.gazetadopovo.com.br/horarios-de-onibus/curitiba/ahu-los-angeles-265/,Ahú / Los Angeles
bg-amarela,560,https://especiais.gazetadopovo.com.br/horarios-de-onibus/curitiba/alferes-poli-560/,Alferes Poli
bg-laranja,232,https://especiais.gazetadopovo.com.br/horarios-de-onibus/curitiba/alianca-232/,Aliança
bg-laranja,629,https://especiais.gazetadopovo.com.br/horarios-de-onibus/curitiba/alto-boqueirao-629/,Alto Boqueirão
bg-amarela,373,https://especiais.gazetadopovo.com.br/horarios-de-onibus/curitiba/alto-taruma-373/,Alto Tarumã
bg-laranja,245,https://especiais.gazetadopovo.com.br/horarios-de-onibus/curitiba/anita-garibaldi-245/,ANITA GARIBALDI
bg-laranja,311,https://especiais.gazetadopovo.com.br/horarios-de-onibus/curitiba/araguaia-311/,Araguaia
bg-laranja,820,https://especiais.gazetadopovo.com.br/horarios-de-onibus/curitiba/augusta-vila-marqueto-820/,Augusta / Vila Marqueto
bg-laranja,823,https://especiais.gazetadopovo.com.br/horarios-de-onibus/curitiba/augusta-823/,Augusta
bg-amarela,361,https://especiais.gazetadopovo.com.br/horarios-de-onibus/curitiba/augusto-stresser-361/,Augusto Stresser
bg-laranja,342,https://especiais.gazetadopovo.com.br/horarios-de-onibus/curitiba/bairro-alto-boa-vista-342/,Bairro Alto / Boa Vista
bg-laranja,341,https://especiais.gazetadopovo.com.br/horarios-de-onibus/curitiba/bairro-alto-santa-candida-341/,Bairro Alto / Santa Cândida
bg-prata,307,https://especiais.gazetadopovo.com.br/horarios-de-onibus/curitiba/bairro-alto-santa-felicidade-307/,Bairro Alto / Santa Felicidade
bg-laranja,541,https://especiais.gazetadopovo.com.br/horarios-de-onibus/curitiba/bairro-novo-a-541/,Bairro Novo A
bg-laranja,524,https://especiais.gazetadopovo.com.br/horarios-de-onibus/curitiba/bairro-novo-b-c-524/,Bairro Novo B/C
bg-laranja,542,https://especiais.gazetadopovo.com.br/horarios-de-onibus/curitiba/bairro-novo-b-542/,Bairro Novo B
bg-laranja,547,https://especiais.gazetadopovo.com.br/horarios-de-onibus/curitiba/bairro-novo-c-547/,Bairro Novo C
bg-prata,506,https://especiais.gazetadopovo.com.br/horarios-de-onibus/curitiba/bairro-novo-506/,Bairro Novo
bg-laranja,231,https://especiais.gazetadopovo.com.br/horarios-de-onibus/curitiba/banestado-california-231/,Banestado / Califórnia
bg-prata,256,https://especiais.gazetadopovo.com.br/horarios-de-onibus/curitiba/barreirinha-guadalupe-256/,Barreirinha / Guadalupe
bg-amarela,205,https://especiais.gazetadopovo.com.br/horarios-de-onibus/curitiba/barreirinha-205/,Barreirinha
bg-amarela,875,https://especiais.gazetadopovo.com.br/horarios-de-onibus/curitiba/bigorrilho-875/,Bigorrilho
bg-laranja,225,https://especiais.gazetadopovo.com.br/horarios-de-onibus/curitiba/boa-vista-barreirinha-225/,Boa Vista / Barreirinha
bg-amarela,201,https://especiais.gazetadopovo.com.br/horarios-de-onibus/curitiba/bom-retiro-cabral-201/,Bom Retiro / Cabral
bg-amarela,175,https://especiais.gazetadopovo.com.br/horarios-de-onibus/curitiba/bom-retiro-puc-175/,Bom Retiro / PUC
bg-prata,505,https://especiais.gazetadopovo.com.br/horarios-de-onibus/curitiba/boqueirao-centro-civico-505/,Boqueirão / Centro Cívico
bg-laranja,540,https://especiais.gazetadopovo.com.br/horarios-de-onibus/curitiba/boqueirao-mondelez-540/,Boqueirão / Mondelez
bg-laranja,528,https://especiais.gazetadopovo.com.br/horarios-de-onibus/curitiba/boqueirao-pinheirinho-528/,BOQUEIRÃO/PINHEIRINHO
bg-vermelha,503,https://especiais.gazetadopovo.com.br/horarios-de-onibus/curitiba/boqueirao-503/,Boqueirão
bg-laranja,627,https://especiais.gazetadopovo.com.br/horarios-de-onibus/curitiba/bosch-627/,Bosch
bg-amarela,170,https://especiais.gazetadopovo.com.br/horarios-de-onibus/curitiba/bracatinga-170/,Bracatinga
bg-laranja,948,https://especiais.gazetadopovo.com.br/horarios-de-onibus/curitiba/butiatuvinha-ouro-verde-948/,Butiatuvinha / Ouro Verde
bg-laranja,913,https://especiais.gazetadopovo.com.br/horarios-de-onibus/curitiba/butiatuvinha-913/,Butiatuvinha
bg-laranja,516,https://especiais.gazetadopovo.com.br/horarios-de-onibus/curitiba/canal-belem-salgado-filho-516/,Canal Belem / Salgado Filho
bg-laranja,828,https://especiais.gazetadopovo.com.br/horarios-de-onibus/curitiba/campo-comprido-capao-raso-828/,Campo Comprido / Capão Raso
bg-laranja,826,https://especiais.gazetadopovo.com.br/horarios-de-onibus/curitiba/campo-comprido-cic-826/,Campo Comprido / CIC
bg-amarela,393,https://especiais.gazetadopovo.com.br/horarios-de-onibus/curitiba/capao-da-imbuia-parque-barigui-393/,Capão da Imbuia / Parque Barigui
bg-amarela,150,https://especiais.gazetadopovo.com.br/horarios-de-onibus/curitiba/canal-da-musica-vista-alegre-150/,Canal da Música / Vista Alegre
bg-verde,27,https://especiais.gazetadopovo.com.br/horarios-de-onibus/curitiba/capao-raso-campina-do-siqueira-027/,Capão Raso / Campina do Siqueira
bg-laranja,658,https://especiais.gazetadopovo.com.br/horarios-de-onibus/curitiba/capao-raso-caiua-658/,Capão Raso / Caiuá
bg-prata,24,https://especiais.gazetadopovo.com.br/horarios-de-onibus/curitiba/capao-raso-campina-do-siqueira-024/,Capão Raso / Campina do Siqueira
bg-vermelha,202,https://especiais.gazetadopovo.com.br/horarios-de-onibus/curitiba/cabral-c-raso-202/,CABRAL / C.RASO
bg-amarela,207,https://especiais.gazetadopovo.com.br/horarios-de-onibus/curitiba/cabral-osorio-207/,Cabral / Osório
bg-laranja,216,https://especiais.gazetadopovo.com.br/horarios-de-onibus/curitiba/cabral-portao-216/,Cabral / Portão
bg-laranja,732,https://especiais.gazetadopovo.com.br/horarios-de-onibus/curitiba/caiua-campo-comprido-732/,Caiuá / Campo Comprido
bg-prata,702,https://especiais.gazetadopovo.com.br/horarios-de-onibus/curitiba/caiua-cachoeira-702/,CAIUA/CACHOEIRA
bg-amarela,706,https://especiais.gazetadopovo.com.br/horarios-de-onibus/curitiba/caiua-fazendinha-centro-706/,Caiuá / Fazendinha / Centro
bg-prata,X34,https://especiais.gazetadopovo.com.br/horarios-de-onibus/curitiba/caiua-sta-quiteria-X34/,CAIUÁ / STA.QUITÉRIA
bg-amarela,703,https://especiais.gazetadopovo.com.br/horarios-de-onibus/curitiba/caiua-703/,Caiuá
bg-amarela,386,https://especiais.gazetadopovo.com.br/horarios-de-onibus/curitiba/cajuru-386/,Cajuru
bg-laranja,322,https://especiais.gazetadopovo.com.br/horarios-de-onibus/curitiba/camargo-322/,Camargo
bg-amarela,801,https://especiais.gazetadopovo.com.br/horarios-de-onibus/curitiba/campina-do-siqueira-batel-801/,Campina do Siqueira / Batel
bg-laranja,816,https://especiais.gazetadopovo.com.br/horarios-de-onibus/curitiba/campina-do-siqueira-santa-felicidade-816/,Campina do Siqueira / Santa Felicidade
bg-laranja,654,https://especiais.gazetadopovo.com.br/horarios-de-onibus/curitiba/campo-alegre-654/,Campo Alegre
bg-amarela,475,https://especiais.gazetadopovo.com.br/horarios-de-onibus/curitiba/canal-belem-475/,Canal Belém
bg-laranja,628,https://especiais.gazetadopovo.com.br/horarios-de-onibus/curitiba/carbomafra-628/,Carbomafra
bg-amarela,776,https://especiais.gazetadopovo.com.br/horarios-de-onibus/curitiba/carmela-dutra-776/,Carmela Dutra
bg-laranja,668,https://especiais.gazetadopovo.com.br/horarios-de-onibus/curitiba/casa-de-custodia-668/,Casa de Custódia
bg-laranja,224,https://especiais.gazetadopovo.com.br/horarios-de-onibus/curitiba/cassiopeia-224/,Cassiopéia
bg-laranja,659,https://especiais.gazetadopovo.com.br/horarios-de-onibus/curitiba/caximba-olaria-659/,Caximba / Olaria
bg-laranja,335,https://especiais.gazetadopovo.com.br/horarios-de-onibus/curitiba/centenario-boqueirao-335/,Centenário / Boqueirão
bg-vermelha,303,https://especiais.gazetadopovo.com.br/horarios-de-onibus/curitiba/centenario-campo-comprido-303/,Centenário / Campo Comprido
bg-laranja,338,https://especiais.gazetadopovo.com.br/horarios-de-onibus/curitiba/centenario-hauer-338/,Centenário / Hauer
bg-vermelha,302,https://especiais.gazetadopovo.com.br/horarios-de-onibus/curitiba/centenario-rui-barbosa-302/,Centenário / Rui Barbosa
bg-prata,305,https://especiais.gazetadopovo.com.br/horarios-de-onibus/curitiba/centenario-305/,Centenário
bg-prata,469,https://especiais.gazetadopovo.com.br/horarios-de-onibus/curitiba/centro-politecnico-469/,Centro Politécnico
bg-prata,210,https://especiais.gazetadopovo.com.br/horarios-de-onibus/curitiba/cic-cabral-210/,CIC / Cabral
bg-prata,X32,https://especiais.gazetadopovo.com.br/horarios-de-onibus/curitiba/cic-capao-raso-X32/,CIC / Capão Raso
bg-branca,2,https://especiais.gazetadopovo.com.br/horarios-de-onibus/curitiba/circular-centro-anti-horario-002/,Circular Centro (Anti-Horário)
bg-branca,1,https://especiais.gazetadopovo.com.br/horarios-de-onibus/curitiba/circular-centro-horario-001/,Circular Centro (Horário)
bg-vermelha,602,https://especiais.gazetadopovo.com.br/horarios-de-onibus/curitiba/circular-sul-anti-horario-602/,CIRCULAR SUL  (ANTI-HORÁRIO)
bg-vermelha,502,https://especiais.gazetadopovo.com.br/horarios-de-onibus/curitiba/circular-sul-horario-502/,Circular Sul (Horário)
bg-laranja,211,https://especiais.gazetadopovo.com.br/horarios-de-onibus/curitiba/colina-verde-211/,Colina Verde
bg-prata,607,https://especiais.gazetadopovo.com.br/horarios-de-onibus/curitiba/colombo-cic-607/,Colombo / CIC
bg-amarela,778,https://especiais.gazetadopovo.com.br/horarios-de-onibus/curitiba/cotolengo-778/,Cotolengo
bg-amarela,385,https://especiais.gazetadopovo.com.br/horarios-de-onibus/curitiba/cristo-rei-385/,Cristo Rei
bg-laranja,681,https://especiais.gazetadopovo.com.br/horarios-de-onibus/curitiba/dalagassa-681/,Dalagassa
bg-prata,340,https://especiais.gazetadopovo.com.br/horarios-de-onibus/curitiba/detran-bairro-alto-340/,Detran / Bairro Alto
bg-amarela,380,https://especiais.gazetadopovo.com.br/horarios-de-onibus/curitiba/detran-vicente-machado-380/,Detran / Vicente Machado
bg-amarela,662,https://especiais.gazetadopovo.com.br/horarios-de-onibus/curitiba/dom-atico-662/,Dom Ático
bg-laranja,533,https://especiais.gazetadopovo.com.br/horarios-de-onibus/curitiba/erico-verissimo-pantanal-533/,Érico Veríssimo / Pantanal
bg-amarela,465,https://especiais.gazetadopovo.com.br/horarios-de-onibus/curitiba/erasto-gaertner-465/,ERASTO  GAERTNER
bg-vermelha,X12,https://especiais.gazetadopovo.com.br/horarios-de-onibus/curitiba/especial-boqueirao-X12/,Especial Boqueirão
bg-laranja,X19,https://especiais.gazetadopovo.com.br/horarios-de-onibus/curitiba/especial-hasdrubal-bellegard-X19/,Especial Hasdrubal Bellegard
bg-amarela,266,https://especiais.gazetadopovo.com.br/horarios-de-onibus/curitiba/estribo-ahu-266/,Estribo Ahú
bg-amarela,466,https://especiais.gazetadopovo.com.br/horarios-de-onibus/curitiba/estudantes-466/,Estudantes
bg-amarela,275,https://especiais.gazetadopovo.com.br/horarios-de-onibus/curitiba/fernando-de-noronha-laranjeiras-275/,Fernando de Noronha / Laranjeiras
bg-laranja,621,https://especiais.gazetadopovo.com.br/horarios-de-onibus/curitiba/fanny-621/,Fanny
bg-laranja,720,https://especiais.gazetadopovo.com.br/horarios-de-onibus/curitiba/fazendinha-campo-comprido-720/,Fazendinha / Campo Comprido
bg-laranja,831,https://especiais.gazetadopovo.com.br/horarios-de-onibus/curitiba/fazendinha-capao-raso-831/,Fazendinha / Capão Raso
bg-laranja,719,https://especiais.gazetadopovo.com.br/horarios-de-onibus/curitiba/fazendinha-caiua-forum-719/,Fazendinha / Caiuá-Fórum
bg-laranja,611,https://especiais.gazetadopovo.com.br/horarios-de-onibus/curitiba/fazendinha-portao-611/,Fazendinha / Portão
bg-laranja,614,https://especiais.gazetadopovo.com.br/horarios-de-onibus/curitiba/fazendinha-puc-614/,Fazendinha / PUC
bg-amarela,701,https://especiais.gazetadopovo.com.br/horarios-de-onibus/curitiba/fazendinha-701/,Fazendinha
bg-amarela,270,https://especiais.gazetadopovo.com.br/horarios-de-onibus/curitiba/fernando-de-noronha-270/,Fernando de Noronha
bg-laranja,821,https://especiais.gazetadopovo.com.br/horarios-de-onibus/curitiba/fernao-dias-821/,Fernão Dias
bg-amarela,673,https://especiais.gazetadopovo.com.br/horarios-de-onibus/curitiba/formosa-673/,Formosa
bg-laranja,716,https://especiais.gazetadopovo.com.br/horarios-de-onibus/curitiba/forum-boa-vista-716/,Fórum / Boa Vista
bg-amarela,167,https://especiais.gazetadopovo.com.br/horarios-de-onibus/curitiba/fredolin-wolf-167/,Fredolin Wolf
bg-laranja,683,https://especiais.gazetadopovo.com.br/horarios-de-onibus/curitiba/futurama-sitio-cercado-683/,Futurama / Sítio Cercado
bg-laranja,639,https://especiais.gazetadopovo.com.br/horarios-de-onibus/curitiba/futurama-639/,Futurama
bg-laranja,822,https://especiais.gazetadopovo.com.br/horarios-de-onibus/curitiba/gabineto-822/,Gabineto
bg-laranja,642,https://especiais.gazetadopovo.com.br/horarios-de-onibus/curitiba/ganchinho-642/,Ganchinho
bg-laranja,625,https://especiais.gazetadopovo.com.br/horarios-de-onibus/curitiba/gramados-625/,Gramados
bg-amarela,470,https://especiais.gazetadopovo.com.br/horarios-de-onibus/curitiba/guabirotuba-470/,Guabirotuba
bg-amarela,561,https://especiais.gazetadopovo.com.br/horarios-de-onibus/curitiba/guilhermina-561/,Guilhermina
bg-laranja,513,https://especiais.gazetadopovo.com.br/horarios-de-onibus/curitiba/hauer-boqueirao-513/,Hauer / Boqueirão
bg-amarela,371,https://especiais.gazetadopovo.com.br/horarios-de-onibus/curitiba/higienopolis-371/,Higienópolis
bg-amarela,374,https://especiais.gazetadopovo.com.br/horarios-de-onibus/curitiba/hugo-lange-374/,Hugo Lange
bg-laranja,523,https://especiais.gazetadopovo.com.br/horarios-de-onibus/curitiba/iguape-i-523/,Iguape I
bg-laranja,515,https://especiais.gazetadopovo.com.br/horarios-de-onibus/curitiba/iguape-ii-515/,Iguape II
bg-prata,23,https://especiais.gazetadopovo.com.br/horarios-de-onibus/curitiba/inter-2-anti-horario-023/,Inter 2 ( Anti-Horário)
bg-prata,22,https://especiais.gazetadopovo.com.br/horarios-de-onibus/curitiba/inter-2-horario-022/,Inter 2 (Horário)
bg-amarela,378,https://especiais.gazetadopovo.com.br/horarios-de-onibus/curitiba/inter-hospitais-378/,Inter-Hospitais
bg-verde,11,https://especiais.gazetadopovo.com.br/horarios-de-onibus/curitiba/interbairros-i-anti-horario-011/,Interbairros I (Anti-Horário)
bg-verde,10,https://especiais.gazetadopovo.com.br/horarios-de-onibus/curitiba/interbairros-i-horario-010/,Interbairros I (Horário)
bg-verde,21,https://especiais.gazetadopovo.com.br/horarios-de-onibus/curitiba/interbairros-ii-anti-horario-021/,Interbairros II (Anti-Horário)
bg-verde,20,https://especiais.gazetadopovo.com.br/horarios-de-onibus/curitiba/interbairros-ii-horario-020/,Interbairros II (Horário)
bg-verde,30,https://especiais.gazetadopovo.com.br/horarios-de-onibus/curitiba/interbairros-iii-030/,Interbairros III
bg-verde,40,https://especiais.gazetadopovo.com.br/horarios-de-onibus/curitiba/interbairros-iv-040/,Interbairros IV
bg-verde,50,https://especiais.gazetadopovo.com.br/horarios-de-onibus/curitiba/interbairros-v-050/,Interbairros V
bg-verde,60,https://especiais.gazetadopovo.com.br/horarios-de-onibus/curitiba/interbairros-vi-060/,Interbairros VI
bg-laranja,512,https://especiais.gazetadopovo.com.br/horarios-de-onibus/curitiba/itamarati-512/,Itamarati
bg-laranja,711,https://especiais.gazetadopovo.com.br/horarios-de-onibus/curitiba/itatiaia-711/,Itatiaia
bg-amarela,366,https://especiais.gazetadopovo.com.br/horarios-de-onibus/curitiba/itupava-hospital-militar-366/,Itupava / Hospital Militar
bg-amarela,468,https://especiais.gazetadopovo.com.br/horarios-de-onibus/curitiba/jardim-centauro-468/,Jardim Centauro
bg-amarela,183,https://especiais.gazetadopovo.com.br/horarios-de-onibus/curitiba/jardim-chaparral-183/,Jardim Chaparral
bg-laranja,655,https://especiais.gazetadopovo.com.br/horarios-de-onibus/curitiba/jardim-da-ordem-655/,Jardim da Ordem
bg-laranja,244,https://especiais.gazetadopovo.com.br/horarios-de-onibus/curitiba/jardim-do-arroio-244/,Jardim do Arroio
bg-amarela,865,https://especiais.gazetadopovo.com.br/horarios-de-onibus/curitiba/jardim-esplanada-865/,Jardim Esplanada
bg-laranja,712,https://especiais.gazetadopovo.com.br/horarios-de-onibus/curitiba/jardim-independencia-cic-712/,Jardim Independência / CIC
bg-laranja,917,https://especiais.gazetadopovo.com.br/horarios-de-onibus/curitiba/jardim-ipe-917/,Jardim Ipê
bg-amarela,972,https://especiais.gazetadopovo.com.br/horarios-de-onibus/curitiba/jardim-italia-972/,Jardim Itália
bg-amarela,474,https://especiais.gazetadopovo.com.br/horarios-de-onibus/curitiba/jardim-itibere-474/,Jardim Itiberê
bg-amarela,169,https://especiais.gazetadopovo.com.br/horarios-de-onibus/curitiba/jardim-kosmos-169/,Jardim Kosmos
bg-laranja,617,https://especiais.gazetadopovo.com.br/horarios-de-onibus/curitiba/jardim-ludovica-617/,Jardim Ludovica
bg-amarela,160,https://especiais.gazetadopovo.com.br/horarios-de-onibus/curitiba/jardim-merces-guanabara-160/,Jardim Mercês / Guanabara
bg-laranja,532,https://especiais.gazetadopovo.com.br/horarios-de-onibus/curitiba/jardim-paranaense-532/,Jardim Paranaense
bg-amarela,365,https://especiais.gazetadopovo.com.br/horarios-de-onibus/curitiba/jardim-social-batel-365/,Jardim Social / Batel
bg-laranja,938,https://especiais.gazetadopovo.com.br/horarios-de-onibus/curitiba/jose-culpi-veneza-938/,José Culpi / Veneza
bg-laranja,912,https://especiais.gazetadopovo.com.br/horarios-de-onibus/curitiba/jose-culpi-912/,José Culpi
bg-amarela,967,https://especiais.gazetadopovo.com.br/horarios-de-onibus/curitiba/julio-graf-967/,Júlio Graf
bg-amarela,285,https://especiais.gazetadopovo.com.br/horarios-de-onibus/curitiba/juveve-agua-verde-285/,Juvevê / Água Verde
bg-laranja,600,https://especiais.gazetadopovo.com.br/horarios-de-onibus/curitiba/kamyr-quartel-general-600/,Kamyr / Quartel General
bg-laranja,656,https://especiais.gazetadopovo.com.br/horarios-de-onibus/curitiba/kamyr-656/,Kamyr
bg-amarela,271,https://especiais.gazetadopovo.com.br/horarios-de-onibus/curitiba/laranjeiras-271/,Laranjeiras
bg-azul,500,https://especiais.gazetadopovo.com.br/horarios-de-onibus/curitiba/ligeirao-boqueirao-500/,LIGEIRÃO BOQUEIRÃO
bg-azul,550,https://especiais.gazetadopovo.com.br/horarios-de-onibus/curitiba/ligeirao-pinheirinho-c-gomes-550/,LIGEIRÃO PINHEIRINHO / C. GOMES
bg-azul,200,https://especiais.gazetadopovo.com.br/horarios-de-onibus/curitiba/ligeirao-sta-candida-pca-do-japao-200/,LIGEIRÃO STA.CÂNDIDA / PÇA.DO JAPÃO
bg-amarela,661,https://especiais.gazetadopovo.com.br/horarios-de-onibus/curitiba/lindoia-661/,Lindóia
bg-laranja,635,https://especiais.gazetadopovo.com.br/horarios-de-onibus/curitiba/londrina-635/,Londrina
bg-laranja,641,https://especiais.gazetadopovo.com.br/horarios-de-onibus/curitiba/luiz-nichele-641/,Luiz Nichele
bg-madrugueiro,189,https://especiais.gazetadopovo.com.br/horarios-de-onibus/curitiba/madrugueiro-abranches-189/,Madrugueiro Abranches
bg-madrugueiro,549,https://especiais.gazetadopovo.com.br/horarios-de-onibus/curitiba/madrugueiro-bairro-novo-549/,Madrugueiro Bairro Novo
bg-madrugueiro,509,https://especiais.gazetadopovo.com.br/horarios-de-onibus/curitiba/madrugueiro-boqueirao-509/,Madrugueiro Boqueirão
bg-madrugueiro,789,https://especiais.gazetadopovo.com.br/horarios-de-onibus/curitiba/madrugueiro-caiua-789/,Madrugueiro Caiuá
bg-madrugueiro,809,https://especiais.gazetadopovo.com.br/horarios-de-onibus/curitiba/madrugueiro-campo-comprido-809/,Madrugueiro Campo Comprido
bg-madrugueiro,308,https://especiais.gazetadopovo.com.br/horarios-de-onibus/curitiba/madrugueiro-centenario-rui-barbosa-308/,Madrugueiro Centenário / Rui Barbosa
bg-madrugueiro,309,https://especiais.gazetadopovo.com.br/horarios-de-onibus/curitiba/madrugueiro-centenario-309/,Madrugueiro Centenário
bg-madrugueiro,609,https://especiais.gazetadopovo.com.br/horarios-de-onibus/curitiba/madrugueiro-cic-609/,Madrugueiro CIC
bg-madrugueiro,229,https://especiais.gazetadopovo.com.br/horarios-de-onibus/curitiba/madrugueiro-penha-fernando-de-noronha-229/,Madrugueiro Penha / Fernando de Noronha
bg-madrugueiro,489,https://especiais.gazetadopovo.com.br/horarios-de-onibus/curitiba/madrugueiro-petropolis-solitude-489/,Madrugueiro Petrópolis / Solitude
bg-madrugueiro,188,https://especiais.gazetadopovo.com.br/horarios-de-onibus/curitiba/madrugueiro-pilarzinho-uberaba-188/,Madrugueiro Pilarzinho / Uberaba
bg-madrugueiro,608,https://especiais.gazetadopovo.com.br/horarios-de-onibus/curitiba/madrugueiro-pinheirinho-608/,Madrugueiro Pinheirinho
bg-madrugueiro,209,https://especiais.gazetadopovo.com.br/horarios-de-onibus/curitiba/madrugueiro-santa-candida-capao-raso-209/,Madrugueiro Santa Cândida / Capão Raso
bg-madrugueiro,519,https://especiais.gazetadopovo.com.br/horarios-de-onibus/curitiba/madrugueiro-sao-francisco-iguape-519/,Madrugueiro São Francisco / Iguape
bg-madrugueiro,689,https://especiais.gazetadopovo.com.br/horarios-de-onibus/curitiba/madrugueiro-sao-pedro-rio-negro-689/,Madrugueiro São Pedro / Rio Negro
bg-madrugueiro,889,https://especiais.gazetadopovo.com.br/horarios-de-onibus/curitiba/madrugueiro-sao-braz-889/,Madrugueiro São Bráz
bg-madrugueiro,989,https://especiais.gazetadopovo.com.br/horarios-de-onibus/curitiba/madrugueiro-santa-felicidade-989/,Madrugueiro Santa Felicidade
bg-madrugueiro,389,https://especiais.gazetadopovo.com.br/horarios-de-onibus/curitiba/madrugueiro-taruma-augusta-389/,Madrugueiro Tarumã / Augusta
bg-madrugueiro,679,https://especiais.gazetadopovo.com.br/horarios-de-onibus/curitiba/madrugueiro-tatuquara-679/,Madrugueiro Tatuquara
bg-madrugueiro,788,https://especiais.gazetadopovo.com.br/horarios-de-onibus/curitiba/madrugueiro-vila-velha-788/,Madrugueiro Vila Velha
bg-amarela,260,https://especiais.gazetadopovo.com.br/horarios-de-onibus/curitiba/marechal-hermes-santa-efigenia-260/,Marechal Hermes / Santa Efigênia
bg-laranja,633,https://especiais.gazetadopovo.com.br/horarios-de-onibus/curitiba/maria-angelica-633/,Maria Angélica
bg-laranja,522,https://especiais.gazetadopovo.com.br/horarios-de-onibus/curitiba/maringa-522/,Maringá
bg-laranja,721,https://especiais.gazetadopovo.com.br/horarios-de-onibus/curitiba/mario-jorge-721/,Mário Jorge
bg-amarela,181,https://especiais.gazetadopovo.com.br/horarios-de-onibus/curitiba/mateus-leme-181/,Mateus Leme
bg-amarela,594,https://especiais.gazetadopovo.com.br/horarios-de-onibus/curitiba/menonitas-594/,Menonitas
bg-laranja,331,https://especiais.gazetadopovo.com.br/horarios-de-onibus/curitiba/mercurio-331/,Mercúrio
bg-laranja,812,https://especiais.gazetadopovo.com.br/horarios-de-onibus/curitiba/montana-812/,Montana
bg-laranja,814,https://especiais.gazetadopovo.com.br/horarios-de-onibus/curitiba/mossungue-814/,Mossunguê
bg-laranja,521,https://especiais.gazetadopovo.com.br/horarios-de-onibus/curitiba/nivaldo-braga-521/,Nivaldo Braga
bg-amarela,360,https://especiais.gazetadopovo.com.br/horarios-de-onibus/curitiba/novena-360/,Novena
bg-amarela,666,https://especiais.gazetadopovo.com.br/horarios-de-onibus/curitiba/novo-mundo-666/,Novo Mundo
bg-amarela,674,https://especiais.gazetadopovo.com.br/horarios-de-onibus/curitiba/nossa-senhora-da-luz-674/,Nossa Senhora da Luz
bg-amarela,280,https://especiais.gazetadopovo.com.br/horarios-de-onibus/curitiba/nsa-sra-de-nazare-280/,NSA.SRA.DE NAZARÉ
bg-laranja,233,https://especiais.gazetadopovo.com.br/horarios-de-onibus/curitiba/olaria-233/,Olaria
bg-laranja,535,https://especiais.gazetadopovo.com.br/horarios-de-onibus/curitiba/osternack-boqueirao-535/,Osternack / Boqueirão
bg-laranja,548,https://especiais.gazetadopovo.com.br/horarios-de-onibus/curitiba/osternack-sitio-cercado-548/,Osternack / Sítio Cercado
bg-laranja,915,https://especiais.gazetadopovo.com.br/horarios-de-onibus/curitiba/ouro-verde-via-vila-badia-915/,Ouro Verde (Via Vila Bádia)
bg-amarela,272,https://especiais.gazetadopovo.com.br/horarios-de-onibus/curitiba/paineiras-272/,Paineiras
bg-laranja,640,https://especiais.gazetadopovo.com.br/horarios-de-onibus/curitiba/palmeira-640/,Palmeira
bg-amarela,387,https://especiais.gazetadopovo.com.br/horarios-de-onibus/curitiba/palotinos-387/,Palotinos
bg-laranja,343,https://especiais.gazetadopovo.com.br/horarios-de-onibus/curitiba/paraiso-343/,Paraíso
bg-laranja,534,https://especiais.gazetadopovo.com.br/horarios-de-onibus/curitiba/parigot-de-souza-534/,Parigot de Souza
bg-laranja,623,https://especiais.gazetadopovo.com.br/horarios-de-onibus/curitiba/parque-industrial-623/,Parque Industrial
bg-amarela,176,https://especiais.gazetadopovo.com.br/horarios-de-onibus/curitiba/parque-tangua-176/,Parque Tanguá
bg-laranja,928,https://especiais.gazetadopovo.com.br/horarios-de-onibus/curitiba/passauna-jardim-ipe-928/,Passaúna / Jardim Ipê
bg-laranja,911,https://especiais.gazetadopovo.com.br/horarios-de-onibus/curitiba/passauna-911/,Passaúna
bg-amarela,462,https://especiais.gazetadopovo.com.br/horarios-de-onibus/curitiba/petropolis-462/,Petrópolis
bg-prata,304,https://especiais.gazetadopovo.com.br/horarios-de-onibus/curitiba/pinhais-campo-comprido-304/,Pinhais / Campo Comprido
bg-prata,527,https://especiais.gazetadopovo.com.br/horarios-de-onibus/curitiba/pinheirinho-boqueirao-527/,Pinheirinho / Boqueirão
bg-prata,700,https://especiais.gazetadopovo.com.br/horarios-de-onibus/curitiba/pinheirinho-cabral-700/,PINHEIRINHO/CABRAL
bg-laranja,644,https://especiais.gazetadopovo.com.br/horarios-de-onibus/curitiba/pinheirinho-cic-644/,Pinheirinho / CIC
bg-prata,X35,https://especiais.gazetadopovo.com.br/horarios-de-onibus/curitiba/pinheirinho-prefeitura-X35/,PINHEIRINHO/PREFEITURA
bg-vermelha,603,https://especiais.gazetadopovo.com.br/horarios-de-onibus/curitiba/pinheirinho-rui-barbosa-603/,Pinheirinho / Rui Barbosa
bg-laranja,688,https://especiais.gazetadopovo.com.br/horarios-de-onibus/curitiba/pinheirinho-zoologico-688/,Pinheirinho / Zoológico
bg-laranja,638,https://especiais.gazetadopovo.com.br/horarios-de-onibus/curitiba/pinheirinho-638/,Pinheirinho
bg-laranja,916,https://especiais.gazetadopovo.com.br/horarios-de-onibus/curitiba/pinheiros-916/,Pinheiros
bg-laranja,631,https://especiais.gazetadopovo.com.br/horarios-de-onibus/curitiba/piratini-br-476-631/,Piratini / BR 476
bg-laranja,649,https://especiais.gazetadopovo.com.br/horarios-de-onibus/curitiba/pirineus-649/,Pirineus
bg-laranja,646,https://especiais.gazetadopovo.com.br/horarios-de-onibus/curitiba/pompeia-janaina-646/,Pompéia / Janaina
bg-laranja,612,https://especiais.gazetadopovo.com.br/horarios-de-onibus/curitiba/portao-cic-612/,Portão / CIC
bg-vermelha,X20,https://especiais.gazetadopovo.com.br/horarios-de-onibus/curitiba/portao-sitio-cercado-X20/,Portão / Sítio Cercado
bg-laranja,616,https://especiais.gazetadopovo.com.br/horarios-de-onibus/curitiba/portao-santa-bernadethe-linha-verde-616/,Portão / Santa Bernadethe - Linha Verde
bg-amarela,671,https://especiais.gazetadopovo.com.br/horarios-de-onibus/curitiba/portao-671/,Portão
bg-laranja,718,https://especiais.gazetadopovo.com.br/horarios-de-onibus/curitiba/porto-belo-718/,Porto Belo
bg-amarela,171,https://especiais.gazetadopovo.com.br/horarios-de-onibus/curitiba/primavera-171/,Primavera
bg-prata,518,https://especiais.gazetadopovo.com.br/horarios-de-onibus/curitiba/puc-rodoferroviaria-518/,PUC/RODOFERROVIARIA
bg-laranja,632,https://especiais.gazetadopovo.com.br/horarios-de-onibus/curitiba/quartel-general-632/,Quartel General
bg-amarela,164,https://especiais.gazetadopovo.com.br/horarios-de-onibus/curitiba/raquel-prado-carlos-gomes-164/,Raquel Prado / Carlos Gomes
bg-amarela,168,https://especiais.gazetadopovo.com.br/horarios-de-onibus/curitiba/raposo-tavares-168/,Raposo Tavares
bg-prata,X30,https://especiais.gazetadopovo.com.br/horarios-de-onibus/curitiba/reforco-capao-da-imbuia-X30/,Reforço Capão da Imbuia
bg-laranja,X14,https://especiais.gazetadopovo.com.br/horarios-de-onibus/curitiba/reforco-hauer-X14/,Reforço Hauer
bg-prata,X22,https://especiais.gazetadopovo.com.br/horarios-de-onibus/curitiba/reforco-portao-X22/,Reforço Portão
bg-laranja,815,https://especiais.gazetadopovo.com.br/horarios-de-onibus/curitiba/reforco-tuiuti-815/,Reforço Tuiuti
bg-laranja,685,https://especiais.gazetadopovo.com.br/horarios-de-onibus/curitiba/rio-bonito-cic-685/,Rio Bonito / CIC
bg-laranja,684,https://especiais.gazetadopovo.com.br/horarios-de-onibus/curitiba/rio-bonito-684/,Rio Bonito
bg-laranja,636,https://especiais.gazetadopovo.com.br/horarios-de-onibus/curitiba/rio-negro-636/,Rio Negro
bg-laranja,827,https://especiais.gazetadopovo.com.br/horarios-de-onibus/curitiba/riviera-827/,Riviera
bg-laranja,622,https://especiais.gazetadopovo.com.br/horarios-de-onibus/curitiba/rondon-622/,Rondon
bg-amarela,370,https://especiais.gazetadopovo.com.br/horarios-de-onibus/curitiba/rua-xv-barigui-370/,Rua XV / Barigui
bg-laranja,680,https://especiais.gazetadopovo.com.br/horarios-de-onibus/curitiba/rurbana-680/,Rurbana
bg-prata,610,https://especiais.gazetadopovo.com.br/horarios-de-onibus/curitiba/sitio-cercado-capao-raso-610/,Sítio Cercado / Capão Raso
bg-laranja,653,https://especiais.gazetadopovo.com.br/horarios-de-onibus/curitiba/sabara-653/,Sabará
bg-amarela,375,https://especiais.gazetadopovo.com.br/horarios-de-onibus/curitiba/sagrado-coracao-375/,Sagrado Coração
bg-laranja,552,https://especiais.gazetadopovo.com.br/horarios-de-onibus/curitiba/sambaqui-552/,Sambaqui
bg-laranja,236,https://especiais.gazetadopovo.com.br/horarios-de-onibus/curitiba/sao-benedito-236/,São Benedito
bg-amarela,965,https://especiais.gazetadopovo.com.br/horarios-de-onibus/curitiba/sao-bernardo-965/,São Bernardo
bg-amarela,870,https://especiais.gazetadopovo.com.br/horarios-de-onibus/curitiba/sao-braz-870/,São Braz
bg-laranja,511,https://especiais.gazetadopovo.com.br/horarios-de-onibus/curitiba/sao-francisco-511/,São Francisco
bg-laranja,213,https://especiais.gazetadopovo.com.br/horarios-de-onibus/curitiba/sao-joao-213/,São João
bg-amarela,670,https://especiais.gazetadopovo.com.br/horarios-de-onibus/curitiba/sao-jorge-670/,São Jorge
bg-laranja,811,https://especiais.gazetadopovo.com.br/horarios-de-onibus/curitiba/saturno-811/,Saturno
bg-amarela,876,https://especiais.gazetadopovo.com.br/horarios-de-onibus/curitiba/savoia-876/,Savóia
bg-prata,508,https://especiais.gazetadopovo.com.br/horarios-de-onibus/curitiba/sitio-cercado-anti-horario-508/,Sítio Cercado (Anti-Horário)
bg-vermelha,X11,https://especiais.gazetadopovo.com.br/horarios-de-onibus/curitiba/sitio-cercado-capao-raso-X11/,Sítio Cercado / Capão Raso
bg-prata,507,https://especiais.gazetadopovo.com.br/horarios-de-onibus/curitiba/sitio-cercado-horario-507/,Sítio Cercado (Horário)
bg-laranja,212,https://especiais.gazetadopovo.com.br/horarios-de-onibus/curitiba/solar-212/,Solar
bg-amarela,463,https://especiais.gazetadopovo.com.br/horarios-de-onibus/curitiba/solitude-463/,Solitude
bg-laranja,710,https://especiais.gazetadopovo.com.br/horarios-de-onibus/curitiba/santa-amelia-porto-belo-710/,Santa Amélia / Porto Belo
bg-laranja,713,https://especiais.gazetadopovo.com.br/horarios-de-onibus/curitiba/santa-amelia-713/,Santa Amélia
bg-amarela,461,https://especiais.gazetadopovo.com.br/horarios-de-onibus/curitiba/santa-barbara-461/,Santa Barbara
bg-vermelha,203,https://especiais.gazetadopovo.com.br/horarios-de-onibus/curitiba/santa-candida-capao-raso-203/,Santa Cândida / Capão Raso
bg-laranja,620,https://especiais.gazetadopovo.com.br/horarios-de-onibus/curitiba/santa-cruz-620/,Santa Cruz
bg-prata,902,https://especiais.gazetadopovo.com.br/horarios-de-onibus/curitiba/santa-felicidade-linha-direta-902/,Santa Felicidade Linha Direta
bg-laranja,924,https://especiais.gazetadopovo.com.br/horarios-de-onibus/curitiba/santa-felicidade-santa-candida-924/,Santa Felicidade / Santa Cândida
bg-amarela,901,https://especiais.gazetadopovo.com.br/horarios-de-onibus/curitiba/santa-felicidade-901/,Santa Felicidade
bg-amarela,274,https://especiais.gazetadopovo.com.br/horarios-de-onibus/curitiba/santa-gema-274/,Santa Gema
bg-laranja,531,https://especiais.gazetadopovo.com.br/horarios-de-onibus/curitiba/santa-ines-531/,Santa Inês
bg-laranja,637,https://especiais.gazetadopovo.com.br/horarios-de-onibus/curitiba/santa-joana-637/,Santa Joana
bg-amarela,760,https://especiais.gazetadopovo.com.br/horarios-de-onibus/curitiba/santa-quiteria-760/,Santa Quitéria
bg-laranja,619,https://especiais.gazetadopovo.com.br/horarios-de-onibus/curitiba/santa-rita-cic-619/,Santa Rita / CIC
bg-laranja,650,https://especiais.gazetadopovo.com.br/horarios-de-onibus/curitiba/santa-rita-pinheirinho-650/,Santa Rita / Pinheirinho
bg-laranja,243,https://especiais.gazetadopovo.com.br/horarios-de-onibus/curitiba/santa-terezinha-243/,Santa Terezinha
bg-amarela,372,https://especiais.gazetadopovo.com.br/horarios-de-onibus/curitiba/taruma-372/,Tarumã
bg-laranja,667,https://especiais.gazetadopovo.com.br/horarios-de-onibus/curitiba/terminal-cic-667/,Terminal CIC
bg-laranja,214,https://especiais.gazetadopovo.com.br/horarios-de-onibus/curitiba/tingui-214/,Tingui
bg-laranja,545,https://especiais.gazetadopovo.com.br/horarios-de-onibus/curitiba/trabalhador-545/,Trabalhador
bg-amarela,861,https://especiais.gazetadopovo.com.br/horarios-de-onibus/curitiba/tramontina-861/,Tramontina
bg-laranja,321,https://especiais.gazetadopovo.com.br/horarios-de-onibus/curitiba/trindade-321/,Trindade
bg-turismo,979,https://especiais.gazetadopovo.com.br/horarios-de-onibus/curitiba/turismo-979/,Turismo
bg-amarela,472,https://especiais.gazetadopovo.com.br/horarios-de-onibus/curitiba/uberaba-472/,Uberaba
bg-laranja,615,https://especiais.gazetadopovo.com.br/horarios-de-onibus/curitiba/uberlandia-615/,Uberlândia
bg-laranja,643,https://especiais.gazetadopovo.com.br/horarios-de-onibus/curitiba/umbara-643/,Umbará
bg-amarela,Z01,https://especiais.gazetadopovo.com.br/horarios-de-onibus/curitiba/unibrasil-tubo-detran-Z01/,Unibrasil / Tubo Detran
bg-laranja,829,https://especiais.gazetadopovo.com.br/horarios-de-onibus/curitiba/universidade-positivo-829/,Universidade Positivo
bg-amarela,165,https://especiais.gazetadopovo.com.br/horarios-de-onibus/curitiba/universidades-165/,Universidades
bg-laranja,323,https://especiais.gazetadopovo.com.br/horarios-de-onibus/curitiba/vila-autodromo-323/,Vila Autódromo
bg-amarela,663,https://especiais.gazetadopovo.com.br/horarios-de-onibus/curitiba/vila-cubas-663/,Vila Cubas
bg-laranja,222,https://especiais.gazetadopovo.com.br/horarios-de-onibus/curitiba/vila-esperanca-222/,Vila Esperança
bg-amarela,761,https://especiais.gazetadopovo.com.br/horarios-de-onibus/curitiba/vila-izabel-761/,Vila Izabel
bg-laranja,690,https://especiais.gazetadopovo.com.br/horarios-de-onibus/curitiba/vila-juliana-690/,Vila Juliana
bg-laranja,242,https://especiais.gazetadopovo.com.br/horarios-de-onibus/curitiba/vila-leonice-242/,Vila Leonice
bg-amarela,467,https://especiais.gazetadopovo.com.br/horarios-de-onibus/curitiba/vila-macedo-467/,Vila Macedo
bg-laranja,714,https://especiais.gazetadopovo.com.br/horarios-de-onibus/curitiba/vila-marisa-714/,Vila Marisa
bg-laranja,825,https://especiais.gazetadopovo.com.br/horarios-de-onibus/curitiba/vila-marqueto-825/,Vila Marqueto
bg-amarela,166,https://especiais.gazetadopovo.com.br/horarios-de-onibus/curitiba/vila-nori-166/,Vila Nori
bg-laranja,336,https://especiais.gazetadopovo.com.br/horarios-de-onibus/curitiba/vila-reno-336/,Vila Reno
bg-amarela,665,https://especiais.gazetadopovo.com.br/horarios-de-onibus/curitiba/vila-rex-665/,Vila Rex
bg-amarela,762,https://especiais.gazetadopovo.com.br/horarios-de-onibus/curitiba/vila-rosinha-762/,Vila Rosinha
bg-amarela,860,https://especiais.gazetadopovo.com.br/horarios-de-onibus/curitiba/vila-sandra-860/,Vila Sandra
bg-amarela,471,https://especiais.gazetadopovo.com.br/horarios-de-onibus/curitiba/vila-sao-paulo-471/,Vila São Paulo
bg-laranja,624,https://especiais.gazetadopovo.com.br/horarios-de-onibus/curitiba/vila-sao-pedro-624/,Vila São Pedro
bg-amarela,184,https://especiais.gazetadopovo.com.br/horarios-de-onibus/curitiba/vila-suica-184/,Vila Suiça
bg-amarela,777,https://especiais.gazetadopovo.com.br/horarios-de-onibus/curitiba/vila-velha-777/,Vila Velha
bg-laranja,652,https://especiais.gazetadopovo.com.br/horarios-de-onibus/curitiba/vila-verde-652/,Vila Verde
bg-laranja,918,https://especiais.gazetadopovo.com.br/horarios-de-onibus/curitiba/veneza-918/,Veneza
bg-laranja,Z03,https://especiais.gazetadopovo.com.br/horarios-de-onibus/curitiba/vicente-de-carvalho-capao-da-imbuia-Z03/,Vicente de Carvalho / Capão da Imbuia
bg-amarela,779,https://especiais.gazetadopovo.com.br/horarios-de-onibus/curitiba/vila-velha-buriti-779/,Vila Velha / Buriti
bg-laranja,630,https://especiais.gazetadopovo.com.br/horarios-de-onibus/curitiba/vitoria-regia-630/,Vitória Régia
bg-laranja,657,https://especiais.gazetadopovo.com.br/horarios-de-onibus/curitiba/xaxim-capao-raso-657/,Xaxim / Capão Raso
bg-laranja,536,https://especiais.gazetadopovo.com.br/horarios-de-onibus/curitiba/zoologico-536/,Zoológico
